,id,first_name,second_name,team_name,team_id,type_name,now_cost,chance_of_playing_next_round,chance_of_playing_this_round,minutes,form,bonus_form_t1,fantasy_form_t1,cost_t1,minutes_t1,goals_t1,assists_t1,clean_sheets_t1,goals_conceded_t1,saves_t1,bonus_per_min_t1,pts_per_min_t1,goals_per_min_t1,assists_per_min_t1,clean_sheets_per_min_t1,goals_conceded_per_min_t1,saves_per_min_t1,own_team_form,home,next_team,next_team_pos_t,fantasy_points_t
0,1,Wojciech,Szczesny,Arsenal,1,Goalkeeper,50,0.0,0.0,0,0.0,0.0,0.0,50,0.0,0.0,0.0,0.0,0.0,0.0,0.0,0.0,0.0,0.0,0.0,0.0,0.0,1,False,NOR,16,0
1,2,David,Ospina,Arsenal,1,Goalkeeper,47,100.0,100.0,90,1.2,0.0,0.0,47,0.0,0.0,0.0,0.0,0.0,0.0,0.0,0.0,0.0,0.0,0.0,0.0,0.0,1,False,NOR,16,0
2,3,Petr,Cech,Arsenal,1,Goalkeeper,60,0.0,0.0,2520,2.8,58.0,13.0,56,270.0,0.0,0.0,1.0,2.0,10.0,0.214814814815,0.0481481481481,0.0,0.0,0.0037037037037,0.0,0.037037037037,1,False,NOR,16,2
3,4,Laurent,Koscielny,Arsenal,1,Defender,63,0.0,0.0,2035,1.4,92.0,27.0,60,270.0,2.0,0.0,1.0,2.0,0.0,0.340740740741,0.1,0.00740740740741,0.0,0.0037037037037,0.0,0.0,1,False,NOR,16,1
4,5,Per,Mertesacker,Arsenal,1,Defender,52,100.0,100.0,1817,0.8,39.0,8.0,53,180.0,0.0,0.0,1.0,1.0,0.0,0.216666666667,0.0444444444444,0.0,0.0,0.00555555555556,0.0,0.0,1,False,NOR,16,2
5,6,Gabriel Armando,de Abreu,Arsenal,1,Defender,43,100.0,100.0,1184,2.0,16.0,2.0,47,90.0,0.0,0.0,0.0,1.0,0.0,0.177777777778,0.0222222222222,0.0,0.0,0.0,0.0,0.0,1,False,NOR,16,2
6,7,Héctor,Bellerín,Arsenal,1,Defender,61,100.0,100.0,2430,3.8,36.0,8.0,59,180.0,0.0,0.0,1.0,1.0,0.0,0.2,0.0444444444444,0.0,0.0,0.00555555555556,0.0,0.0,1,False,NOR,16,2
7,8,Kieran,Gibbs,Arsenal,1,Defender,51,100.0,100.0,374,0.4,21.0,9.0,52,26.0,1.0,0.0,0.0,0.0,0.0,0.807692307692,0.346153846154,0.0384615384615,0.0,0.0,0.0,0.0,1,False,NOR,16,0
8,9,Mathieu,Debuchy,Arsenal,1,Defender,51,0.0,0.0,142,0.0,23.0,2.0,52,76.0,0.0,0.0,0.0,1.0,0.0,0.302631578947,0.0263157894737,0.0,0.0,0.0,0.0,0.0,1,False,NOR,16,0
9,10,Carl,Jenkinson,Arsenal,1,Defender,48,0.0,0.0,1228,0.0,38.0,5.0,50,270.0,0.0,0.0,0.0,4.0,0.0,0.140740740741,0.0185185185185,0.0,0.0,0.0,0.0,0.0,1,True,WBA,13,2
10,11,Nacho,Monreal,Arsenal,1,Defender,59,,,2439,2.0,61.0,10.0,59,270.0,0.0,0.0,1.0,2.0,0.0,0.225925925926,0.037037037037,0.0,0.0,0.0037037037037,0.0,0.0,1,False,NOR,16,2
11,12,Calum,Chambers,Arsenal,1,Defender,46,,,317,0.2,9.0,1.0,47,7.0,0.0,0.0,0.0,0.0,0.0,1.28571428571,0.142857142857,0.0,0.0,0.0,0.0,0.0,1,False,NOR,16,0
12,13,Alexis,Sánchez,Arsenal,1,Midfielder,109,100.0,100.0,1650,3.6,21.0,7.0,116,268.0,0.0,0.0,1.0,2.0,0.0,0.0783582089552,0.0261194029851,0.0,0.0,0.00373134328358,0.0,0.0,1,False,NOR,16,4
13,14,Theo,Walcott,Arsenal,1,Midfielder,81,100.0,100.0,1282,2.0,0.0,0.0,84,0.0,0.0,0.0,0.0,0.0,0.0,0.0,0.0,0.0,0.0,0.0,0.0,0.0,1,False,NOR,16,0
14,15,Mesut,Özil,Arsenal,1,Midfielder,100,100.0,100.0,2348,6.6,99.0,23.0,90,270.0,0.0,4.0,1.0,2.0,0.0,0.366666666667,0.0851851851852,0.0,0.0148148148148,0.0037037037037,0.0,0.0,1,False,NOR,16,10
15,16,Santiago,Cazorla,Arsenal,1,Midfielder,79,0.0,0.0,1203,0.0,57.0,12.0,81,225.0,0.0,1.0,1.0,2.0,0.0,0.253333333333,0.0533333333333,0.0,0.00444444444444,0.00444444444444,0.0,0.0,1,False,NOR,16,1
16,17,Aaron,Ramsey,Arsenal,1,Midfielder,79,100.0,100.0,2217,3.4,0.0,0.0,80,0.0,0.0,0.0,0.0,0.0,0.0,0.0,0.0,0.0,0.0,0.0,0.0,0.0,1,False,NOR,16,2
17,18,Jack,Wilshere,Arsenal,1,Midfielder,58,0.0,0.0,0,0.0,0.0,0.0,58,0.0,0.0,0.0,0.0,0.0,0.0,0.0,0.0,0.0,0.0,0.0,0.0,0.0,1,False,NOR,16,0
18,19,Alex,Oxlade-Chamberlain,Arsenal,1,Midfielder,55,0.0,0.0,928,2.0,12.0,2.0,55,80.0,0.0,0.0,0.0,1.0,0.0,0.15,0.025,0.0,0.0,0.0,0.0,0.0,1,False,NOR,16,1
19,20,Mikel,Arteta,Arsenal,1,Midfielder,47,100.0,100.0,166,0.0,3.0,1.0,47,14.0,0.0,0.0,0.0,0.0,0.0,0.214285714286,0.0714285714286,0.0,0.0,0.0,0.0,0.0,1,False,NOR,16,0
20,21,Tomas,Rosicky,Arsenal,1,Midfielder,49,0.0,0.0,0,0.0,0.0,0.0,49,0.0,0.0,0.0,0.0,0.0,0.0,0.0,0.0,0.0,0.0,0.0,0.0,0.0,1,False,NOR,16,0
21,22,Serge,Gnabry,Arsenal,1,Midfielder,45,100.0,100.0,13,0.0,0.0,0.0,46,0.0,0.0,0.0,0.0,0.0,0.0,0.0,0.0,0.0,0.0,0.0,0.0,0.0,3,False,WHU,8,0
22,23,Gedion,Zelalem,Arsenal,1,Midfielder,48,0.0,0.0,0,0.0,0.0,0.0,48,0.0,0.0,0.0,0.0,0.0,0.0,0.0,0.0,0.0,0.0,0.0,0.0,0.0,1,False,NOR,16,0
23,24,Francis,Coquelin,Arsenal,1,Midfielder,42,100.0,100.0,1192,1.0,56.0,6.0,43,270.0,0.0,0.0,1.0,2.0,0.0,0.207407407407,0.0222222222222,0.0,0.0,0.0037037037037,0.0,0.0,1,False,NOR,16,0
24,25,Mathieu,Flamini,Arsenal,1,Midfielder,44,100.0,100.0,1089,0.6,-1.0,2.0,44,55.0,0.0,0.0,0.0,0.0,0.0,-0.0181818181818,0.0363636363636,0.0,0.0,0.0,0.0,0.0,1,False,NOR,16,2
25,26,Olivier,Giroud,Arsenal,1,Forward,89,,,1923,2.8,56.0,14.0,88,263.0,2.0,0.0,1.0,2.0,0.0,0.212927756654,0.0532319391635,0.00760456273764,0.0,0.00380228136882,0.0,0.0,1,False,NOR,16,2
26,27,Danny,Welbeck,Arsenal,1,Forward,73,100.0,100.0,201,3.8,0.0,0.0,73,0.0,0.0,0.0,0.0,0.0,0.0,0.0,0.0,0.0,0.0,0.0,0.0,0.0,1,False,NOR,16,0
27,28,Chuba,Akpom,Arsenal,1,Forward,50,0.0,0.0,0,0.0,0.0,0.0,50,0.0,0.0,0.0,0.0,0.0,0.0,0.0,0.0,0.0,0.0,0.0,0.0,0.0,1,False,NOR,16,0
28,29,Yaya,Sanogo,Arsenal,1,Forward,50,0.0,0.0,0,0.0,0.0,0.0,50,0.0,0.0,0.0,0.0,0.0,0.0,0.0,0.0,0.0,0.0,0.0,0.0,0.0,1,False,NOR,16,0
29,30,Bradley,Guzan,Aston Villa,2,Goalkeeper,41,,,1980,0.6,52.0,9.0,44,270.0,0.0,0.0,1.0,5.0,8.0,0.192592592593,0.0333333333333,0.0,0.0,0.0037037037037,0.0,0.0296296296296,1,True,WAT,11,2
30,31,Shay,Given,Stoke,15,Goalkeeper,43,0.0,0.0,0,0.0,0.0,0.0,44,0.0,0.0,0.0,0.0,0.0,0.0,0.0,0.0,0.0,0.0,0.0,0.0,0.0,3,False,SUN,17,0
31,32,Leandro,Bacuna,Aston Villa,2,Defender,47,100.0,100.0,1853,2.6,30.0,3.0,48,199.0,0.0,0.0,0.0,5.0,0.0,0.150753768844,0.0150753768844,0.0,0.0,0.0,0.0,0.0,1,True,WAT,11,0
32,33,Kieran,Richardson,Aston Villa,2,Defender,41,100.0,100.0,559,0.0,18.0,0.0,42,180.0,0.0,0.0,0.0,5.0,0.0,0.1,0.0,0.0,0.0,0.0,0.0,0.0,1,True,WAT,11,5
33,34,Ron,Vlaar,Aston Villa,2,Defender,45,,,0,0.0,0.0,0.0,45,0.0,0.0,0.0,0.0,0.0,0.0,0.0,0.0,0.0,0.0,0.0,0.0,0.0,1,True,WAT,11,0
34,35,Philippe,Senderos,Aston Villa,2,Defender,40,100.0,100.0,0,0.0,0.0,0.0,40,0.0,0.0,0.0,0.0,0.0,0.0,0.0,0.0,0.0,0.0,0.0,0.0,0.0,1,True,WAT,11,0
35,36,Aly,Cissokho,Aston Villa,2,Defender,45,,,900,1.4,0.0,0.0,45,0.0,0.0,0.0,0.0,0.0,0.0,0.0,0.0,0.0,0.0,0.0,0.0,0.0,1,True,WAT,11,0
36,37,Alan,Hutton,Aston Villa,2,Defender,41,100.0,100.0,1706,0.4,61.0,7.0,43,270.0,0.0,0.0,1.0,5.0,0.0,0.225925925926,0.0259259259259,0.0,0.0,0.0037037037037,0.0,0.0,1,True,WAT,11,-1
37,38,Ciaran,Clark,Aston Villa,2,Defender,43,100.0,100.0,992,0.2,36.0,7.0,44,180.0,0.0,0.0,1.0,3.0,0.0,0.2,0.0388888888889,0.0,0.0,0.00555555555556,0.0,0.0,1,True,WAT,11,0
38,39,Jores,Okore,Aston Villa,2,Defender,44,100.0,100.0,990,1.2,0.0,0.0,44,0.0,0.0,0.0,0.0,0.0,0.0,0.0,0.0,0.0,0.0,0.0,0.0,0.0,1,True,WAT,11,0
39,40,Nathan,Baker,Aston Villa,2,Defender,40,0.0,0.0,0,0.0,0.0,0.0,40,0.0,0.0,0.0,0.0,0.0,0.0,0.0,0.0,0.0,0.0,0.0,0.0,0.0,1,True,WAT,11,0
40,41,Lewis,Kinsella,Aston Villa,2,Defender,38,,,0,0.0,0.0,0.0,39,0.0,0.0,0.0,0.0,0.0,0.0,0.0,0.0,0.0,0.0,0.0,0.0,0.0,1,True,WAT,11,0
41,42,Micah,Richards,Aston Villa,2,Defender,43,100.0,100.0,1884,1.2,31.0,6.0,45,180.0,0.0,0.0,1.0,2.0,0.0,0.172222222222,0.0333333333333,0.0,0.0,0.00555555555556,0.0,0.0,1,True,WAT,11,7
42,43,Fabian,Delph,Man City,9,Midfielder,54,0.0,0.0,514,0.3,1.0,1.0,54,13.0,0.0,0.0,0.0,0.0,0.0,0.0769230769231,0.0769230769231,0.0,0.0,0.0,0.0,0.0,1,True,SOU,9,9
43,44,Carles,Gil de Pareja Vicent,Aston Villa,2,Midfielder,46,100.0,100.0,1229,1.8,24.0,5.0,47,107.0,0.0,0.0,1.0,2.0,0.0,0.224299065421,0.0467289719626,0.0,0.0,0.00934579439252,0.0,0.0,1,True,WAT,11,2
44,45,Charles,N'Zogbia,Aston Villa,2,Midfielder,45,,,43,0.0,4.0,1.0,46,26.0,0.0,0.0,0.0,0.0,0.0,0.153846153846,0.0384615384615,0.0,0.0,0.0,0.0,0.0,1,True,WAT,11,0
45,46,Joe,Cole,Aston Villa,2,Midfielder,47,0.0,0.0,0,0.0,0.0,0.0,48,0.0,0.0,0.0,0.0,0.0,0.0,0.0,0.0,0.0,0.0,0.0,0.0,0.0,1,True,WAT,11,0
46,47,Jack,Grealish,Aston Villa,2,Midfielder,52,0.0,0.0,762,0.0,11.0,4.0,53,137.0,0.0,0.0,0.0,3.0,0.0,0.0802919708029,0.029197080292,0.0,0.0,0.0,0.0,0.0,1,True,WAT,11,0
47,48,Scott,Sinclair,Aston Villa,2,Midfielder,42,,,1142,0.6,9.0,5.0,47,161.0,0.0,0.0,1.0,3.0,0.0,0.055900621118,0.0310559006211,0.0,0.0,0.00621118012422,0.0,0.0,1,True,WAT,11,2
48,49,Ashley,Westwood,Aston Villa,2,Midfielder,42,100.0,100.0,1907,2.0,3.0,1.0,44,37.0,0.0,0.0,0.0,1.0,0.0,0.0810810810811,0.027027027027,0.0,0.0,0.0,0.0,0.0,1,True,WAT,11,0
49,50,Carlos,Sánchez,Aston Villa,2,Midfielder,43,0.0,0.0,1043,0.0,31.0,5.0,43,180.0,0.0,0.0,1.0,3.0,0.0,0.172222222222,0.0277777777778,0.0,0.0,0.00555555555556,0.0,0.0,1,True,WAT,11,1
50,51,Christian,Benteke,Liverpool,8,Forward,80,100.0,100.0,1256,0.5,57.0,19.0,83,162.0,2.0,1.0,0.0,3.0,0.0,0.351851851852,0.117283950617,0.0123456790123,0.00617283950617,0.0,0.0,0.0,3,True,SWA,15,2
51,52,Gabriel,Agbonlahor,Aston Villa,2,Forward,47,100.0,100.0,1014,2.8,24.0,6.0,48,129.0,0.0,1.0,0.0,3.0,0.0,0.186046511628,0.046511627907,0.0,0.0077519379845,0.0,0.0,0.0,1,True,WAT,11,0
52,53,Libor,Kozák,Aston Villa,2,Forward,44,0.0,0.0,258,0.0,0.0,0.0,45,0.0,0.0,0.0,0.0,0.0,0.0,0.0,0.0,0.0,0.0,0.0,0.0,0.0,1,True,WAT,11,0
53,54,Rushian,Hepburn-Murphy,Aston Villa,2,Forward,41,,,0,0.0,0.0,0.0,43,0.0,0.0,0.0,0.0,0.0,0.0,0.0,0.0,0.0,0.0,0.0,0.0,0.0,1,True,WAT,11,0
54,55,Artur,Boruc,Bournemouth,3,Goalkeeper,45,100.0,100.0,2160,3.6,7.0,1.0,45,90.0,0.0,0.0,0.0,5.0,4.0,0.0777777777778,0.0111111111111,0.0,0.0,0.0,0.0,0.0444444444444,1,True,EVE,7,0
55,56,Adam,Federici,Bournemouth,3,Goalkeeper,43,100.0,100.0,405,0.0,14.0,3.0,44,180.0,0.0,0.0,0.0,3.0,0.0,0.0777777777778,0.0166666666667,0.0,0.0,0.0,0.0,0.0,1,True,EVE,7,1
56,57,Simon,Francis,Bournemouth,3,Defender,41,,,2576,3.6,55.0,2.0,45,270.0,0.0,0.0,0.0,8.0,0.0,0.203703703704,0.00740740740741,0.0,0.0,0.0,0.0,0.0,1,True,EVE,7,1
57,58,Steve,Cook,Bournemouth,3,Defender,42,100.0,100.0,2385,5.2,18.0,0.0,44,90.0,0.0,0.0,0.0,5.0,0.0,0.2,0.0,0.0,0.0,0.0,0.0,0.0,1,True,EVE,7,0
58,59,Tommy,Elphick,Bournemouth,3,Defender,42,100.0,100.0,450,0.0,0.0,0.0,43,0.0,0.0,0.0,0.0,0.0,0.0,0.0,0.0,0.0,0.0,0.0,0.0,0.0,1,True,EVE,7,0
59,60,Charlie,Daniels,Bournemouth,3,Defender,49,100.0,100.0,2475,5.6,66.0,6.0,45,270.0,0.0,1.0,0.0,8.0,0.0,0.244444444444,0.0222222222222,0.0,0.0037037037037,0.0,0.0,0.0,1,True,EVE,7,3
60,61,Adam,Smith,Bournemouth,3,Defender,41,,,1853,3.6,29.0,3.0,40,196.0,0.0,0.0,0.0,3.0,0.0,0.147959183673,0.015306122449,0.0,0.0,0.0,0.0,0.0,1,True,EVE,7,7
61,62,Tyrone,Mings,Bournemouth,3,Defender,41,0.0,0.0,11,0.0,0.0,0.0,42,0.0,0.0,0.0,0.0,0.0,0.0,0.0,0.0,0.0,0.0,0.0,0.0,0.0,1,True,EVE,7,0
62,63,Sylvain,Distin,Bournemouth,3,Defender,40,100.0,100.0,843,0.2,42.0,3.0,42,270.0,0.0,0.0,0.0,8.0,0.0,0.155555555556,0.0111111111111,0.0,0.0,0.0,0.0,0.0,1,True,EVE,7,1
63,64,Matt,Ritchie,Bournemouth,3,Midfielder,53,100.0,100.0,2329,5.4,55.0,12.0,56,270.0,1.0,0.0,0.0,8.0,0.0,0.203703703704,0.0444444444444,0.0037037037037,0.0,0.0,0.0,0.0,1,True,EVE,7,2
64,65,Christian,Atsu,Chelsea,4,Midfielder,50,0.0,0.0,0,0.0,0.0,0.0,50,0.0,0.0,0.0,0.0,0.0,0.0,0.0,0.0,0.0,0.0,0.0,0.0,0.0,1,True,EVE,7,0
65,66,Joshua,King,Bournemouth,3,Midfielder,43,100.0,50.0,1283,4.2,8.0,5.0,46,177.0,0.0,0.0,0.0,5.0,0.0,0.045197740113,0.0282485875706,0.0,0.0,0.0,0.0,0.0,1,True,EVE,7,5
66,67,Harry,Arter,Bournemouth,3,Midfielder,47,50.0,50.0,1437,1.8,12.0,3.0,47,150.0,0.0,0.0,0.0,3.0,0.0,0.08,0.02,0.0,0.0,0.0,0.0,0.0,1,True,EVE,7,2
67,68,Marc,Pugh,Bournemouth,3,Midfielder,46,100.0,100.0,969,1.4,24.0,3.0,48,119.0,0.0,0.0,0.0,7.0,0.0,0.201680672269,0.0252100840336,0.0,0.0,0.0,0.0,0.0,1,True,EVE,7,0
68,69,Andrew,Surman,Bournemouth,3,Midfielder,43,,,2610,2.0,39.0,6.0,43,270.0,0.0,0.0,0.0,8.0,0.0,0.144444444444,0.0222222222222,0.0,0.0,0.0,0.0,0.0,1,True,EVE,7,2
69,70,Eunan,O'Kane,Bournemouth,3,Midfielder,41,,,576,0.0,4.0,1.0,43,30.0,0.0,0.0,0.0,1.0,0.0,0.133333333333,0.0333333333333,0.0,0.0,0.0,0.0,0.0,1,True,EVE,7,0
70,71,Shaun,MacDonald,Bournemouth,3,Midfielder,43,100.0,100.0,27,0.0,0.0,0.0,43,0.0,0.0,0.0,0.0,0.0,0.0,0.0,0.0,0.0,0.0,0.0,0.0,0.0,1,True,EVE,7,0
71,72,Junior,Stanislas,Bournemouth,3,Midfielder,41,0.0,0.0,1218,0.8,11.0,3.0,42,117.0,0.0,0.0,0.0,1.0,0.0,0.0940170940171,0.025641025641,0.0,0.0,0.0,0.0,0.0,1,True,EVE,7,14
72,73,Dan,Gosling,Bournemouth,3,Midfielder,44,,,2034,1.2,31.0,5.0,44,270.0,0.0,0.0,0.0,8.0,0.0,0.114814814815,0.0185185185185,0.0,0.0,0.0,0.0,0.0,1,True,EVE,7,1
73,74,Callum,Wilson,Bournemouth,3,Forward,53,0.0,0.0,541,0.0,0.0,0.0,54,0.0,0.0,0.0,0.0,0.0,0.0,0.0,0.0,0.0,0.0,0.0,0.0,0.0,1,True,EVE,7,0
74,75,Yann,Kermorgant,Bournemouth,3,Forward,44,0.0,0.0,130,0.0,4.0,2.0,46,41.0,0.0,0.0,0.0,0.0,0.0,0.0975609756098,0.0487804878049,0.0,0.0,0.0,0.0,0.0,1,True,EVE,7,0
75,76,Tokelo,Rantie,Bournemouth,3,Forward,41,75.0,75.0,41,0.0,3.0,1.0,42,12.0,0.0,0.0,0.0,0.0,0.0,0.25,0.0833333333333,0.0,0.0,0.0,0.0,0.0,1,True,EVE,7,0
76,77,Thibaut,Courtois,Chelsea,4,Goalkeeper,52,100.0,100.0,1581,2.8,0.0,0.0,52,0.0,0.0,0.0,0.0,0.0,0.0,0.0,0.0,0.0,0.0,0.0,0.0,0.0,1,False,TOT,5,0
77,78,John,Terry,Chelsea,4,Defender,66,0.0,0.0,1717,0.6,56.0,4.0,66,270.0,0.0,0.0,0.0,6.0,0.0,0.207407407407,0.0148148148148,0.0,0.0,0.0,0.0,0.0,1,False,TOT,5,0
78,79,Branislav,Ivanovic,Chelsea,4,Defender,66,100.0,100.0,2250,3.6,0.0,0.0,65,0.0,0.0,0.0,0.0,0.0,0.0,0.0,0.0,0.0,0.0,0.0,0.0,0.0,1,False,TOT,5,6
79,80,César,Azpilicueta,Chelsea,4,Defender,58,,,2389,2.6,41.0,6.0,59,251.0,0.0,1.0,0.0,5.0,0.0,0.163346613546,0.0239043824701,0.0,0.00398406374502,0.0,0.0,0.0,1,False,TOT,5,5
80,81,Gary,Cahill,Chelsea,4,Defender,61,100.0,100.0,1417,1.8,44.0,8.0,62,180.0,1.0,0.0,0.0,5.0,0.0,0.244444444444,0.0444444444444,0.00555555555556,0.0,0.0,0.0,0.0,1,False,TOT,5,6
81,82,Kurt,Zouma,Chelsea,4,Defender,52,0.0,0.0,1918,0.2,60.0,9.0,54,270.0,0.0,1.0,0.0,6.0,0.0,0.222222222222,0.0333333333333,0.0,0.0037037037037,0.0,0.0,0.0,1,False,TOT,5,6
82,83,Filipe Luis,Kasmirski,Chelsea,4,Defender,55,,,0,0.0,0.0,0.0,55,0.0,0.0,0.0,0.0,0.0,0.0,0.0,0.0,0.0,0.0,0.0,0.0,0.0,1,False,TOT,5,0
83,84,Nathan,Aké,Watford,18,Defender,44,100.0,100.0,1484,2.2,61.0,17.0,44,270.0,0.0,1.0,2.0,2.0,0.0,0.225925925926,0.062962962963,0.0,0.0037037037037,0.00740740740741,0.0,0.0,3,False,AVL,20,0
84,85,Andreas,Christensen,Chelsea,4,Defender,45,0.0,0.0,0,0.0,0.0,0.0,45,0.0,0.0,0.0,0.0,0.0,0.0,0.0,0.0,0.0,0.0,0.0,0.0,0.0,3,False,TOT,5,0
85,86,Eden,Hazard,Chelsea,4,Midfielder,108,100.0,100.0,1788,2.6,27.0,5.0,109,238.0,0.0,0.0,0.0,4.0,0.0,0.113445378151,0.0210084033613,0.0,0.0,0.0,0.0,0.0,3,False,TOT,5,3
86,87,Cesc,Fàbregas,Chelsea,4,Midfielder,84,100.0,100.0,2086,3.8,32.0,2.0,84,87.0,0.0,0.0,0.0,3.0,0.0,0.367816091954,0.0229885057471,0.0,0.0,0.0,0.0,0.0,3,False,TOT,5,3
87,88,Oscar,dos Santos Emboaba Junior,Chelsea,4,Midfielder,80,100.0,100.0,1528,0.8,23.0,3.0,82,111.0,0.0,0.0,0.0,3.0,0.0,0.207207207207,0.027027027027,0.0,0.0,0.0,0.0,0.0,3,False,TOT,5,3
88,89,Juan,Cuadrado,Chelsea,4,Midfielder,74,0.0,0.0,27,0.0,0.0,0.0,74,0.0,0.0,0.0,0.0,0.0,0.0,0.0,0.0,0.0,0.0,0.0,0.0,0.0,3,False,TOT,5,0
89,90,Willian,Borges Da Silva,Chelsea,4,Midfielder,72,100.0,100.0,2184,4.8,60.0,5.0,69,270.0,0.0,0.0,0.0,6.0,0.0,0.222222222222,0.0185185185185,0.0,0.0,0.0,0.0,0.0,3,False,TOT,5,3
90,91,Ramires,Santos do Nascimento,Chelsea,4,Midfielder,53,0.0,0.0,609,0.0,45.0,12.0,53,247.0,1.0,0.0,0.0,6.0,0.0,0.182186234818,0.0485829959514,0.00404858299595,0.0,0.0,0.0,0.0,3,False,TOT,5,0
91,92,Nemanja,Matic,Chelsea,4,Midfielder,46,100.0,100.0,1977,2.6,12.0,0.0,48,133.0,0.0,0.0,0.0,3.0,0.0,0.0902255639098,0.0,0.0,0.0,0.0,0.0,0.0,3,False,TOT,5,2
92,93,Ruben,Loftus-Cheek,Chelsea,4,Midfielder,46,,,104,0.4,0.0,0.0,48,0.0,0.0,0.0,0.0,0.0,0.0,0.0,0.0,0.0,0.0,0.0,0.0,0.0,3,False,TOT,5,1
93,94,John Obi,Mikel,Chelsea,4,Midfielder,42,,,1082,1.4,15.0,1.0,43,114.0,0.0,0.0,0.0,2.0,0.0,0.131578947368,0.00877192982456,0.0,0.0,0.0,0.0,0.0,3,False,TOT,5,0
94,95,Isaiah,Brown,Chelsea,4,Midfielder,45,0.0,0.0,0,0.0,0.0,0.0,45,0.0,0.0,0.0,0.0,0.0,0.0,0.0,0.0,0.0,0.0,0.0,0.0,0.0,3,False,TOT,5,0
95,96,Victor,Moses,West Ham,20,Midfielder,49,0.0,0.0,822,1.4,5.0,3.0,52,135.0,0.0,0.0,0.0,2.0,0.0,0.037037037037,0.0222222222222,0.0,0.0,0.0,0.0,0.0,1,True,WBA,13,2
96,97,Nathan Allan,de Souza,Chelsea,4,Midfielder,50,0.0,0.0,0,0.0,0.0,0.0,50,0.0,0.0,0.0,0.0,0.0,0.0,0.0,0.0,0.0,0.0,0.0,0.0,0.0,1,False,TOT,5,0
97,98,Diego,Da Silva Costa,Chelsea,4,Forward,108,75.0,100.0,2013,6.0,1.0,5.0,109,270.0,0.0,0.0,0.0,6.0,0.0,0.0037037037037,0.0185185185185,0.0,0.0,0.0,0.0,0.0,1,False,TOT,5,0
98,99,Loïc,Remy,Chelsea,4,Forward,71,100.0,100.0,208,0.2,2.0,1.0,71,14.0,0.0,0.0,0.0,0.0,0.0,0.142857142857,0.0714285714286,0.0,0.0,0.0,0.0,0.0,1,False,TOT,5,0
99,100,Dominic,Solanke,Chelsea,4,Forward,50,0.0,0.0,0,0.0,0.0,0.0,50,0.0,0.0,0.0,0.0,0.0,0.0,0.0,0.0,0.0,0.0,0.0,0.0,0.0,1,False,TOT,5,0
100,101,Radamel Falcao,García Zárate,Chelsea,4,Forward,69,0.0,0.0,222,0.0,4.0,2.0,69,24.0,0.0,0.0,0.0,1.0,0.0,0.166666666667,0.0833333333333,0.0,0.0,0.0,0.0,0.0,1,False,TOT,5,0
101,102,Julian,Speroni,Crystal Palace,5,Goalkeeper,42,100.0,100.0,0,0.0,0.0,0.0,44,0.0,0.0,0.0,0.0,0.0,0.0,0.0,0.0,0.0,0.0,0.0,0.0,0.0,3,True,NEW,19,0
102,103,Wayne,Hennessey,Crystal Palace,5,Goalkeeper,42,75.0,75.0,1980,1.2,50.0,11.0,40,270.0,0.0,0.0,1.0,2.0,6.0,0.185185185185,0.0407407407407,0.0,0.0,0.0037037037037,0.0,0.0222222222222,3,True,NEW,19,2
103,104,Scott,Dann,Crystal Palace,5,Defender,59,100.0,100.0,2483,2.8,63.0,18.0,52,270.0,1.0,0.0,1.0,2.0,0.0,0.233333333333,0.0666666666667,0.0037037037037,0.0,0.0037037037037,0.0,0.0,3,True,NEW,19,2
104,105,Joel,Ward,Crystal Palace,5,Defender,44,100.0,100.0,1941,1.2,24.0,7.0,44,90.0,0.0,0.0,1.0,0.0,0.0,0.266666666667,0.0777777777778,0.0,0.0,0.0111111111111,0.0,0.0,3,True,NEW,19,2
105,106,Adrian,Mariappa,Crystal Palace,5,Defender,37,,,75,0.0,13.0,2.0,39,75.0,0.0,0.0,0.0,1.0,0.0,0.173333333333,0.0266666666667,0.0,0.0,0.0,0.0,0.0,3,True,NEW,19,0
106,107,Martin,Kelly,Crystal Palace,5,Defender,41,,,900,0.4,44.0,9.0,43,270.0,0.0,0.0,1.0,2.0,0.0,0.162962962963,0.0333333333333,0.0,0.0,0.0037037037037,0.0,0.0,3,True,NEW,19,0
107,108,Damien,Delaney,Crystal Palace,5,Defender,43,100.0,100.0,2033,2.6,38.0,9.0,44,180.0,0.0,0.0,1.0,1.0,0.0,0.211111111111,0.05,0.0,0.0,0.00555555555556,0.0,0.0,3,True,NEW,19,6
108,109,Pape,Souaré,Crystal Palace,5,Defender,42,100.0,100.0,2213,0.2,6.0,1.0,45,90.0,0.0,0.0,0.0,1.0,0.0,0.0666666666667,0.0111111111111,0.0,0.0,0.0,0.0,0.0,3,True,NEW,19,2
109,110,Ezekiel,Fryers,Crystal Palace,5,Defender,40,100.0,100.0,0,0.0,0.0,0.0,40,0.0,0.0,0.0,0.0,0.0,0.0,0.0,0.0,0.0,0.0,0.0,0.0,0.0,3,True,NEW,19,0
110,111,Brede,Hangeland,Crystal Palace,5,Defender,40,,,630,0.0,13.0,2.0,43,90.0,0.0,0.0,0.0,1.0,0.0,0.144444444444,0.0222222222222,0.0,0.0,0.0,0.0,0.0,3,True,NEW,19,0
111,112,Yannick,Bolasie,Crystal Palace,5,Midfielder,60,100.0,100.0,1433,1.4,35.0,12.0,61,270.0,1.0,0.0,1.0,2.0,0.0,0.12962962963,0.0444444444444,0.0037037037037,0.0,0.0037037037037,0.0,0.0,3,True,NEW,19,15
112,113,Jason,Puncheon,Crystal Palace,5,Midfielder,55,0.0,0.0,2034,0.0,35.0,6.0,58,235.0,0.0,0.0,1.0,2.0,0.0,0.148936170213,0.0255319148936,0.0,0.0,0.00425531914894,0.0,0.0,3,True,NEW,19,2
113,114,Wilfried,Zaha,Crystal Palace,5,Midfielder,53,100.0,100.0,2108,1.8,25.0,5.0,53,203.0,0.0,0.0,1.0,1.0,0.0,0.12315270936,0.0246305418719,0.0,0.0,0.00492610837438,0.0,0.0,3,True,NEW,19,6
114,115,Mile,Jedinak,Crystal Palace,5,Midfielder,46,100.0,100.0,828,1.4,6.0,2.0,47,26.0,0.0,0.0,0.0,0.0,0.0,0.230769230769,0.0769230769231,0.0,0.0,0.0,0.0,0.0,3,True,NEW,19,1
115,116,Joe,Ledley,Crystal Palace,5,Midfielder,46,100.0,100.0,690,1.8,4.0,1.0,47,12.0,0.0,0.0,0.0,0.0,0.0,0.333333333333,0.0833333333333,0.0,0.0,0.0,0.0,0.0,3,True,NEW,19,0
116,117,James,McArthur,Crystal Palace,5,Midfielder,50,0.0,0.0,1933,0.0,52.0,7.0,50,270.0,0.0,0.0,1.0,2.0,0.0,0.192592592593,0.0259259259259,0.0,0.0,0.0037037037037,0.0,0.0,3,True,NEW,19,14
117,118,Jordon,Mutch,Crystal Palace,5,Midfielder,41,100.0,100.0,671,1.6,5.0,1.0,42,4.0,0.0,0.0,0.0,0.0,0.0,1.25,0.25,0.0,0.0,0.0,0.0,0.0,3,True,NEW,19,0
118,119,Barry,Bannan,Crystal Palace,5,Midfielder,44,0.0,0.0,0,0.0,0.0,0.0,44,0.0,0.0,0.0,0.0,0.0,0.0,0.0,0.0,0.0,0.0,0.0,0.0,0.0,3,True,NEW,19,0
119,120,Jonathan,Williams,Crystal Palace,5,Midfielder,43,0.0,0.0,11,0.0,0.0,0.0,43,0.0,0.0,0.0,0.0,0.0,0.0,0.0,0.0,0.0,0.0,0.0,0.0,0.0,3,True,NEW,19,0
120,121,Chung-yong,Lee,Crystal Palace,5,Midfielder,43,100.0,100.0,318,0.4,0.0,0.0,43,0.0,0.0,0.0,0.0,0.0,0.0,0.0,0.0,0.0,0.0,0.0,0.0,0.0,3,True,NEW,19,1
121,122,Adlène,Guédioura,Watford,18,Midfielder,42,100.0,100.0,59,0.0,6.0,2.0,43,7.0,0.0,0.0,0.0,0.0,0.0,0.857142857143,0.285714285714,0.0,0.0,0.0,0.0,0.0,3,False,AVL,20,1
122,123,Glenn,Murray,Bournemouth,3,Forward,54,100.0,100.0,802,0.2,5.0,3.0,56,112.0,0.0,0.0,0.0,7.0,0.0,0.0446428571429,0.0267857142857,0.0,0.0,0.0,0.0,0.0,3,True,EVE,7,1
123,124,Dwight,Gayle,Crystal Palace,5,Forward,51,100.0,100.0,384,0.2,5.0,1.0,51,90.0,0.0,0.0,1.0,0.0,0.0,0.0555555555556,0.0111111111111,0.0,0.0,0.0111111111111,0.0,0.0,3,True,NEW,19,0
124,125,Fraizer,Campbell,Crystal Palace,5,Forward,54,100.0,100.0,342,0.4,-1.0,1.0,54,56.0,0.0,0.0,0.0,0.0,0.0,-0.0178571428571,0.0178571428571,0.0,0.0,0.0,0.0,0.0,3,True,NEW,19,0
125,126,Marouane,Chamakh,Crystal Palace,5,Forward,47,100.0,100.0,257,0.2,0.0,0.0,47,0.0,0.0,0.0,0.0,0.0,0.0,0.0,0.0,0.0,0.0,0.0,0.0,0.0,3,True,NEW,19,0
126,127,Tim,Howard,Everton,6,Goalkeeper,49,100.0,100.0,2070,0.0,55.0,8.0,51,270.0,0.0,0.0,0.0,5.0,14.0,0.203703703704,0.0296296296296,0.0,0.0,0.0,0.0,0.0518518518519,1,False,BOU,18,3
127,128,Joel,Robles,Everton,6,Goalkeeper,43,,,450,3.0,0.0,0.0,44,0.0,0.0,0.0,0.0,0.0,0.0,0.0,0.0,0.0,0.0,0.0,0.0,0.0,1,False,BOU,18,0
128,129,Leighton,Baines,Everton,6,Defender,60,100.0,75.0,669,0.3,0.0,0.0,61,0.0,0.0,0.0,0.0,0.0,0.0,0.0,0.0,0.0,0.0,0.0,0.0,0.0,1,False,BOU,18,0
129,130,Seamus,Coleman,Everton,6,Defender,58,100.0,100.0,1970,5.5,40.0,4.0,59,268.0,0.0,0.0,0.0,5.0,0.0,0.149253731343,0.0149253731343,0.0,0.0,0.0,0.0,0.0,1,False,BOU,18,5
130,131,Phil,Jagielka,Everton,6,Defender,51,100.0,100.0,1491,3.0,13.0,0.0,53,51.0,0.0,0.0,0.0,2.0,0.0,0.254901960784,0.0,0.0,0.0,0.0,0.0,0.0,1,False,BOU,18,0
131,132,John,Stones,Everton,6,Defender,54,100.0,100.0,1953,0.5,49.0,3.0,55,270.0,0.0,0.0,0.0,5.0,0.0,0.181481481481,0.0111111111111,0.0,0.0,0.0,0.0,0.0,1,False,BOU,18,1
132,133,Luke,Garbutt,Everton,6,Defender,45,0.0,0.0,0,0.0,0.0,0.0,45,0.0,0.0,0.0,0.0,0.0,0.0,0.0,0.0,0.0,0.0,0.0,0.0,0.0,1,False,BOU,18,0
133,134,Brendan,Galloway,Everton,6,Defender,39,100.0,100.0,1221,0.0,36.0,3.0,45,246.0,0.0,0.0,0.0,5.0,0.0,0.146341463415,0.0121951219512,0.0,0.0,0.0,0.0,0.0,1,False,BOU,18,1
134,135,Tony,Hibbert,Everton,6,Defender,39,100.0,100.0,0,0.0,0.0,0.0,39,0.0,0.0,0.0,0.0,0.0,0.0,0.0,0.0,0.0,0.0,0.0,0.0,0.0,1,False,BOU,18,0
135,136,Tyias,Browning,Everton,6,Defender,38,0.0,0.0,298,0.0,0.0,0.0,40,0.0,0.0,0.0,0.0,0.0,0.0,0.0,0.0,0.0,0.0,0.0,0.0,0.0,1,False,BOU,18,0
136,137,Kevin,Mirallas,Everton,6,Midfielder,67,0.0,100.0,578,2.5,5.0,3.0,68,74.0,0.0,0.0,0.0,0.0,0.0,0.0675675675676,0.0405405405405,0.0,0.0,0.0,0.0,0.0,1,False,BOU,18,0
137,138,Ross,Barkley,Everton,6,Midfielder,73,,,2452,2.0,55.0,11.0,68,270.0,1.0,0.0,0.0,5.0,0.0,0.203703703704,0.0407407407407,0.0037037037037,0.0,0.0,0.0,0.0,1,False,BOU,18,13
138,139,Tom,Cleverley,Everton,6,Midfielder,51,75.0,75.0,1139,3.3,0.0,0.0,51,0.0,0.0,0.0,0.0,0.0,0.0,0.0,0.0,0.0,0.0,0.0,0.0,0.0,1,False,BOU,18,1
139,140,Leon,Osman,Everton,6,Midfielder,44,,,116,0.5,2.0,1.0,46,13.0,0.0,0.0,0.0,0.0,0.0,0.153846153846,0.0769230769231,0.0,0.0,0.0,0.0,0.0,1,False,BOU,18,0
140,141,James,McCarthy,Everton,6,Midfielder,46,100.0,100.0,1695,2.3,51.0,8.0,48,270.0,0.0,1.0,0.0,5.0,0.0,0.188888888889,0.0296296296296,0.0,0.0037037037037,0.0,0.0,0.0,1,False,BOU,18,3
141,142,Aiden,McGeady,Everton,6,Midfielder,49,0.0,0.0,0,0.0,0.0,0.0,49,0.0,0.0,0.0,0.0,0.0,0.0,0.0,0.0,0.0,0.0,0.0,0.0,0.0,1,False,BOU,18,0
142,143,Steven,Pienaar,Everton,6,Midfielder,48,100.0,100.0,93,0.0,0.0,0.0,48,0.0,0.0,0.0,0.0,0.0,0.0,0.0,0.0,0.0,0.0,0.0,0.0,0.0,1,False,BOU,18,0
143,144,Gareth,Barry,Everton,6,Midfielder,42,100.0,100.0,2432,1.8,41.0,3.0,43,270.0,0.0,0.0,0.0,5.0,0.0,0.151851851852,0.0111111111111,0.0,0.0,0.0,0.0,0.0,1,False,BOU,18,2
144,145,Darron,Gibson,Everton,6,Midfielder,44,75.0,75.0,42,0.0,0.0,0.0,44,0.0,0.0,0.0,0.0,0.0,0.0,0.0,0.0,0.0,0.0,0.0,0.0,0.0,1,False,BOU,18,1
145,146,Muhamed,Besic,Everton,6,Midfielder,44,100.0,75.0,296,0.3,0.0,0.0,44,0.0,0.0,0.0,0.0,0.0,0.0,0.0,0.0,0.0,0.0,0.0,0.0,0.0,1,False,BOU,18,0
146,147,Bryan,Oviedo,Everton,6,Midfielder,42,100.0,75.0,704,3.3,4.0,1.0,43,24.0,0.0,0.0,0.0,0.0,0.0,0.166666666667,0.0416666666667,0.0,0.0,0.0,0.0,0.0,1,False,BOU,18,0
147,148,Gerard,Deulofeu,Everton,6,Midfielder,58,100.0,100.0,1163,0.3,93.0,23.0,63,236.0,1.0,4.0,0.0,5.0,0.0,0.39406779661,0.0974576271186,0.00423728813559,0.0169491525424,0.0,0.0,0.0,1,False,BOU,18,5
148,149,Romelu,Lukaku,Everton,6,Forward,88,100.0,100.0,2419,5.8,87.0,24.0,87,257.0,2.0,2.0,0.0,5.0,0.0,0.338521400778,0.0933852140078,0.00778210116732,0.00778210116732,0.0,0.0,0.0,1,False,BOU,18,6
149,150,Steven,Naismith,Norwich,12,Forward,50,75.0,100.0,905,1.8,0.0,0.0,52,0.0,0.0,0.0,0.0,0.0,0.0,0.0,0.0,0.0,0.0,0.0,0.0,0.0,1,False,BOU,18,0
150,151,Arouna,Koné,Everton,6,Forward,44,,,1314,0.5,104.0,23.0,49,155.0,3.0,1.0,0.0,3.0,0.0,0.670967741935,0.148387096774,0.0193548387097,0.00645161290323,0.0,0.0,0.0,1,False,BOU,18,2
151,152,Kasper,Schmeichel,Leicester,7,Goalkeeper,46,,,2610,4.2,58.0,11.0,45,270.0,0.0,0.0,1.0,3.0,11.0,0.214814814815,0.0407407407407,0.0,0.0,0.0037037037037,0.0,0.0407407407407,3,True,MUN,3,2
152,153,Ben,Hamer,Leicester,7,Goalkeeper,40,0.0,0.0,0,0.0,0.0,0.0,40,0.0,0.0,0.0,0.0,0.0,0.0,0.0,0.0,0.0,0.0,0.0,0.0,0.0,3,True,MUN,3,0
153,154,Wes,Morgan,Leicester,7,Defender,43,100.0,100.0,2610,2.8,58.0,9.0,43,270.0,0.0,0.0,1.0,3.0,0.0,0.214814814815,0.0333333333333,0.0,0.0,0.0037037037037,0.0,0.0,3,True,MUN,3,2
154,155,Christian,Fuchs,Leicester,7,Defender,49,100.0,100.0,1901,4.2,52.0,11.0,47,180.0,0.0,0.0,1.0,1.0,0.0,0.288888888889,0.0611111111111,0.0,0.0,0.00555555555556,0.0,0.0,3,True,MUN,3,5
155,156,Jeffrey,Schlupp,Leicester,7,Defender,47,100.0,100.0,1093,0.6,49.0,7.0,50,225.0,0.0,0.0,1.0,2.0,0.0,0.217777777778,0.0311111111111,0.0,0.0,0.00444444444444,0.0,0.0,3,True,MUN,3,1
156,157,Marcin,Wasilewski,Leicester,7,Defender,40,,,123,-0.2,0.0,0.0,41,0.0,0.0,0.0,0.0,0.0,0.0,0.0,0.0,0.0,0.0,0.0,0.0,0.0,3,True,MUN,3,0
157,158,Paul,Konchesky,Leicester,7,Defender,45,0.0,0.0,0,0.0,0.0,0.0,45,0.0,0.0,0.0,0.0,0.0,0.0,0.0,0.0,0.0,0.0,0.0,0.0,0.0,3,True,MUN,3,0
158,159,Ritchie,de Laet,Leicester,7,Defender,45,0.0,0.0,658,0.0,0.0,0.0,45,0.0,0.0,0.0,0.0,0.0,0.0,0.0,0.0,0.0,0.0,0.0,0.0,0.0,3,True,MUN,3,1
159,160,Danny,Simpson,Leicester,7,Defender,42,100.0,100.0,1799,1.2,57.0,10.0,40,270.0,0.0,0.0,1.0,3.0,0.0,0.211111111111,0.037037037037,0.0,0.0,0.0037037037037,0.0,0.0,3,True,MUN,3,2
160,161,Liam,Moore,Leicester,7,Defender,38,100.0,100.0,0,0.0,0.0,0.0,39,0.0,0.0,0.0,0.0,0.0,0.0,0.0,0.0,0.0,0.0,0.0,0.0,0.0,3,True,MUN,3,0
161,162,Robert,Huth,Leicester,7,Defender,47,100.0,100.0,2520,6.0,45.0,9.0,43,270.0,0.0,0.0,1.0,3.0,0.0,0.166666666667,0.0333333333333,0.0,0.0,0.0037037037037,0.0,0.0,3,True,MUN,3,2
162,163,Riyad,Mahrez,Leicester,7,Midfielder,73,100.0,100.0,2280,7.0,80.0,23.0,67,251.0,2.0,1.0,1.0,3.0,0.0,0.318725099602,0.0916334661355,0.00796812749004,0.00398406374502,0.00398406374502,0.0,0.0,3,True,MUN,3,2
163,164,Marc,Albrighton,Leicester,7,Midfielder,49,,,2261,2.2,56.0,15.0,49,227.0,0.0,2.0,1.0,2.0,0.0,0.246696035242,0.0660792951542,0.0,0.00881057268722,0.00440528634361,0.0,0.0,3,True,MUN,3,2
164,165,Andy,King,Leicester,7,Midfielder,41,,,912,3.2,9.0,2.0,42,23.0,0.0,0.0,0.0,1.0,0.0,0.391304347826,0.0869565217391,0.0,0.0,0.0,0.0,0.0,3,True,MUN,3,0
165,166,Daniel,Drinkwater,Leicester,7,Midfielder,45,100.0,100.0,2317,3.8,55.0,10.0,45,266.0,0.0,1.0,1.0,3.0,0.0,0.206766917293,0.0375939849624,0.0,0.00375939849624,0.00375939849624,0.0,0.0,3,True,MUN,3,2
166,167,Dean,Hammond,Leicester,7,Midfielder,43,0.0,0.0,0,0.0,0.0,0.0,43,0.0,0.0,0.0,0.0,0.0,0.0,0.0,0.0,0.0,0.0,0.0,0.0,0.0,3,True,MUN,3,0
167,168,Anthony,Knockaert,Leicester,7,Midfielder,45,,,0,0.0,0.0,0.0,45,0.0,0.0,0.0,0.0,0.0,0.0,0.0,0.0,0.0,0.0,0.0,0.0,0.0,3,True,MUN,3,0
168,169,Matthew,James,Leicester,7,Midfielder,44,0.0,0.0,0,0.0,0.0,0.0,45,0.0,0.0,0.0,0.0,0.0,0.0,0.0,0.0,0.0,0.0,0.0,0.0,0.0,3,True,MUN,3,0
169,170,Jamie,Vardy,Leicester,7,Forward,78,100.0,100.0,2538,3.6,99.0,21.0,74,270.0,3.0,0.0,1.0,3.0,0.0,0.366666666667,0.0777777777778,0.0111111111111,0.0,0.0037037037037,0.0,0.0,3,True,MUN,3,9
170,171,Leonardo,Ulloa,Leicester,7,Forward,52,100.0,100.0,668,1.6,3.0,2.0,53,68.0,0.0,0.0,0.0,1.0,0.0,0.0441176470588,0.0294117647059,0.0,0.0,0.0,0.0,0.0,3,True,MUN,3,1
171,172,Andrej,Kramaric,Leicester,7,Forward,54,0.0,0.0,24,0.0,0.0,0.0,55,0.0,0.0,0.0,0.0,0.0,0.0,0.0,0.0,0.0,0.0,0.0,0.0,0.0,3,True,MUN,3,0
172,173,David,Nugent,Leicester,7,Forward,55,0.0,0.0,0,0.0,0.0,0.0,55,0.0,0.0,0.0,0.0,0.0,0.0,0.0,0.0,0.0,0.0,0.0,0.0,0.0,3,True,MUN,3,0
173,174,Shinji,Okazaki,Leicester,7,Forward,56,100.0,100.0,1489,1.8,13.0,3.0,57,76.0,0.0,0.0,0.0,1.0,0.0,0.171052631579,0.0394736842105,0.0,0.0,0.0,0.0,0.0,3,True,MUN,3,1
174,175,Simon,Mignolet,Liverpool,8,Goalkeeper,49,100.0,100.0,2393,3.8,35.0,5.0,50,270.0,0.0,0.0,0.0,4.0,5.0,0.12962962963,0.0185185185185,0.0,0.0,0.0,0.0,0.0185185185185,3,True,SWA,15,5
175,176,Adam,Bogdan,Liverpool,8,Goalkeeper,43,,,90,0.0,0.0,0.0,44,0.0,0.0,0.0,0.0,0.0,0.0,0.0,0.0,0.0,0.0,0.0,0.0,0.0,3,True,SWA,15,0
176,177,Martin,Skrtel,Liverpool,8,Defender,53,100.0,100.0,1480,0.0,51.0,5.0,55,270.0,0.0,0.0,0.0,4.0,0.0,0.188888888889,0.0185185185185,0.0,0.0,0.0,0.0,0.0,3,True,SWA,15,5
177,178,José,Enrique Sanchez Diaz,Liverpool,8,Defender,42,,,0,0.0,0.0,0.0,42,0.0,0.0,0.0,0.0,0.0,0.0,0.0,0.0,0.0,0.0,0.0,0.0,0.0,3,True,SWA,15,0
178,179,Kolo,Touré,Liverpool,8,Defender,44,100.0,100.0,522,5.3,0.0,0.0,44,0.0,0.0,0.0,0.0,0.0,0.0,0.0,0.0,0.0,0.0,0.0,0.0,0.0,3,True,SWA,15,1
179,180,Mamadou,Sakho,Liverpool,8,Defender,47,75.0,75.0,1524,2.0,41.0,5.0,48,219.0,0.0,0.0,0.0,3.0,0.0,0.187214611872,0.0228310502283,0.0,0.0,0.0,0.0,0.0,3,True,SWA,15,0
180,181,Tiago,Ilori,Liverpool,8,Defender,44,100.0,100.0,0,0.0,0.0,0.0,44,0.0,0.0,0.0,0.0,0.0,0.0,0.0,0.0,0.0,0.0,0.0,0.0,0.0,1,True,WAT,11,0
181,182,Dejan,Lovren,Liverpool,8,Defender,48,100.0,100.0,1364,2.0,11.0,2.0,49,52.0,0.0,0.0,0.0,1.0,0.0,0.211538461538,0.0384615384615,0.0,0.0,0.0,0.0,0.0,3,True,SWA,15,7
182,183,Javier,Manquillo,Liverpool,8,Defender,45,,,0,0.0,0.0,0.0,45,0.0,0.0,0.0,0.0,0.0,0.0,0.0,0.0,0.0,0.0,0.0,0.0,0.0,3,True,SWA,15,0
183,184,Alberto,Moreno,Liverpool,8,Defender,46,,,1974,1.8,36.0,5.0,48,270.0,0.0,0.0,0.0,4.0,0.0,0.133333333333,0.0185185185185,0.0,0.0,0.0,0.0,0.0,3,True,SWA,15,9
184,185,Andre,Wisdom,Norwich,12,Defender,42,0.0,0.0,554,0.0,28.0,8.0,43,90.0,0.0,0.0,1.0,0.0,0.0,0.311111111111,0.0888888888889,0.0,0.0,0.0111111111111,0.0,0.0,3,True,ARS,4,2
185,186,Nathaniel,Clyne,Liverpool,8,Defender,52,100.0,100.0,2430,5.0,49.0,4.0,54,270.0,0.0,0.0,0.0,4.0,0.0,0.181481481481,0.0148148148148,0.0,0.0,0.0,0.0,0.0,3,True,SWA,15,6
186,187,Leiva,Lucas,Liverpool,8,Midfielder,43,0.0,0.0,1517,0.3,49.0,6.0,44,270.0,0.0,0.0,0.0,4.0,0.0,0.181481481481,0.0222222222222,0.0,0.0,0.0,0.0,0.0,3,True,SWA,15,0
187,188,Jordan,Henderson,Liverpool,8,Midfielder,65,100.0,100.0,1137,2.8,0.0,0.0,66,0.0,0.0,0.0,0.0,0.0,0.0,0.0,0.0,0.0,0.0,0.0,0.0,0.0,3,True,SWA,15,1
188,189,Raheem,Sterling,Man City,9,Midfielder,85,100.0,100.0,1729,2.8,16.0,8.0,89,174.0,0.0,1.0,1.0,1.0,0.0,0.0919540229885,0.0459770114943,0.0,0.00574712643678,0.00574712643678,0.0,0.0,1,True,SOU,9,5
189,190,Joe,Allen,Liverpool,8,Midfielder,49,100.0,100.0,209,0.5,0.0,0.0,49,0.0,0.0,0.0,0.0,0.0,0.0,0.0,0.0,0.0,0.0,0.0,0.0,0.0,3,True,SWA,15,0
190,191,Philippe,Coutinho,Liverpool,8,Midfielder,80,100.0,100.0,1481,3.8,90.0,27.0,83,262.0,3.0,0.0,1.0,3.0,0.0,0.343511450382,0.103053435115,0.0114503816794,0.0,0.00381679389313,0.0,0.0,3,True,SWA,15,0
191,192,Jordon,Ibe,Liverpool,8,Midfielder,44,100.0,100.0,857,0.5,27.0,7.0,46,109.0,0.0,1.0,0.0,3.0,0.0,0.247706422018,0.0642201834862,0.0,0.00917431192661,0.0,0.0,0.0,3,True,SWA,15,6
192,193,Emre,Can,Liverpool,8,Midfielder,53,100.0,100.0,2185,3.5,18.0,5.0,53,244.0,0.0,0.0,0.0,3.0,0.0,0.0737704918033,0.0204918032787,0.0,0.0,0.0,0.0,0.0,3,True,SWA,15,3
193,194,Adam,Lallana,Liverpool,8,Midfielder,73,100.0,100.0,1615,6.0,43.0,11.0,73,246.0,0.0,1.0,1.0,3.0,0.0,0.174796747967,0.0447154471545,0.0,0.00406504065041,0.00406504065041,0.0,0.0,3,True,SWA,15,3
194,195,Lazar,Markovic,Liverpool,8,Midfielder,58,0.0,0.0,0,0.0,0.0,0.0,58,0.0,0.0,0.0,0.0,0.0,0.0,0.0,0.0,0.0,0.0,0.0,0.0,0.0,3,True,SWA,15,0
195,196,Oluwaseyi,Ojo,Liverpool,8,Midfielder,50,100.0,100.0,0,0.0,0.0,0.0,50,0.0,0.0,0.0,0.0,0.0,0.0,0.0,0.0,0.0,0.0,0.0,0.0,0.0,3,True,SWA,15,0
196,197,James,Milner,Liverpool,8,Midfielder,65,100.0,100.0,1978,6.5,27.0,8.0,66,153.0,0.0,1.0,0.0,2.0,0.0,0.176470588235,0.0522875816993,0.0,0.00653594771242,0.0,0.0,0.0,3,True,SWA,15,9
197,198,Roberto,Firmino,Liverpool,8,Midfielder,82,100.0,100.0,1529,8.0,28.0,7.0,80,125.0,0.0,1.0,0.0,3.0,0.0,0.224,0.056,0.0,0.008,0.0,0.0,0.0,3,True,SWA,15,3
198,199,Daniel,Sturridge,Liverpool,8,Forward,99,100.0,100.0,352,1.5,0.0,0.0,101,0.0,0.0,0.0,0.0,0.0,0.0,0.0,0.0,0.0,0.0,0.0,0.0,0.0,3,True,SWA,15,1
199,200,Rickie,Lambert,West Brom,19,Forward,53,,,620,0.0,35.0,7.0,54,51.0,1.0,0.0,0.0,2.0,0.0,0.686274509804,0.137254901961,0.0196078431373,0.0,0.0,0.0,0.0,3,False,WHU,8,4
200,201,Fabio,Borini,Sunderland,16,Forward,54,100.0,100.0,1234,2.0,1.0,1.0,54,45.0,0.0,0.0,0.0,1.0,0.0,0.0222222222222,0.0222222222222,0.0,0.0,0.0,0.0,0.0,3,True,STK,12,0
201,202,Mario,Balotelli,Liverpool,8,Forward,69,0.0,0.0,0,0.0,0.0,0.0,69,0.0,0.0,0.0,0.0,0.0,0.0,0.0,0.0,0.0,0.0,0.0,0.0,0.0,3,True,SWA,15,0
202,203,Danny,Ings,Liverpool,8,Forward,69,0.0,0.0,313,0.0,0.0,0.0,70,0.0,0.0,0.0,0.0,0.0,0.0,0.0,0.0,0.0,0.0,0.0,0.0,0.0,3,True,SWA,15,0
203,204,Divock,Origi,Liverpool,8,Forward,54,100.0,100.0,422,2.0,4.0,2.0,56,49.0,0.0,0.0,0.0,0.0,0.0,0.0816326530612,0.0408163265306,0.0,0.0,0.0,0.0,0.0,3,True,SWA,15,0
204,205,Joe,Hart,Man City,9,Goalkeeper,56,100.0,100.0,2340,2.8,51.0,14.0,57,270.0,0.0,0.0,2.0,1.0,3.0,0.188888888889,0.0518518518519,0.0,0.0,0.00740740740741,0.0,0.0111111111111,1,True,SOU,9,0
205,206,Willy,Caballero,Man City,9,Goalkeeper,48,,,180,0.0,0.0,0.0,48,0.0,0.0,0.0,0.0,0.0,0.0,0.0,0.0,0.0,0.0,0.0,0.0,0.0,1,True,SOU,9,4
206,207,Aleksandar,Kolarov,Man City,9,Defender,60,100.0,100.0,1799,0.8,56.0,13.0,62,270.0,0.0,0.0,2.0,1.0,0.0,0.207407407407,0.0481481481481,0.0,0.0,0.00740740740741,0.0,0.0,1,True,SOU,9,7
207,208,Pablo,Zabaleta,Man City,9,Defender,57,100.0,100.0,540,0.5,0.0,0.0,57,0.0,0.0,0.0,0.0,0.0,0.0,0.0,0.0,0.0,0.0,0.0,0.0,0.0,1,True,SOU,9,0
208,209,Vincent,Kompany,Man City,9,Defender,62,100.0,100.0,999,1.8,67.0,16.0,64,270.0,0.0,0.0,2.0,1.0,0.0,0.248148148148,0.0592592592593,0.0,0.0,0.00740740740741,0.0,0.0,1,True,SOU,9,0
209,210,Gaël,Clichy,Man City,9,Defender,53,100.0,100.0,636,3.8,0.0,0.0,53,0.0,0.0,0.0,0.0,0.0,0.0,0.0,0.0,0.0,0.0,0.0,0.0,0.0,1,True,SOU,9,0
210,211,Martín,Demichelis,Man City,9,Defender,53,100.0,100.0,919,0.3,6.0,2.0,53,15.0,0.0,0.0,0.0,0.0,0.0,0.4,0.133333333333,0.0,0.0,0.0,0.0,0.0,1,True,SOU,9,1
211,212,Bacary,Sagna,Man City,9,Defender,56,100.0,100.0,2070,1.5,58.0,14.0,55,270.0,0.0,0.0,2.0,1.0,0.0,0.214814814815,0.0518518518519,0.0,0.0,0.00740740740741,0.0,0.0,1,True,SOU,9,2
212,213,Eliaquim,Mangala,Man City,9,Defender,53,100.0,100.0,1199,0.0,0.0,0.0,54,0.0,0.0,0.0,0.0,0.0,0.0,0.0,0.0,0.0,0.0,0.0,0.0,0.0,1,True,SOU,9,0
213,214,Jason,Denayer,Man City,9,Defender,43,0.0,0.0,0,0.0,0.0,0.0,43,0.0,0.0,0.0,0.0,0.0,0.0,0.0,0.0,0.0,0.0,0.0,0.0,0.0,1,True,SOU,9,0
214,215,Samir,Nasri,Man City,9,Midfielder,68,0.0,0.0,244,0.0,0.0,0.0,68,0.0,0.0,0.0,0.0,0.0,0.0,0.0,0.0,0.0,0.0,0.0,0.0,0.0,1,True,SOU,9,0
215,216,David,Silva,Man City,9,Midfielder,99,100.0,100.0,1490,3.8,0.0,0.0,99,0.0,0.0,0.0,0.0,0.0,0.0,0.0,0.0,0.0,0.0,0.0,0.0,0.0,1,True,SOU,9,1
216,217,Gnegneri Yaya,Touré,Man City,9,Midfielder,84,100.0,100.0,1940,3.3,42.0,15.0,85,243.0,1.0,0.0,2.0,1.0,0.0,0.172839506173,0.0617283950617,0.00411522633745,0.0,0.0082304526749,0.0,0.0,1,True,SOU,9,2
217,218,Jesús,Navas,Man City,9,Midfielder,61,100.0,100.0,1478,1.8,39.0,6.0,63,192.0,0.0,0.0,1.0,1.0,0.0,0.203125,0.03125,0.0,0.0,0.00520833333333,0.0,0.0,1,True,SOU,9,0
218,219,Fernando,Luiz Rosa,Man City,9,Midfielder,56,100.0,100.0,2112,2.0,38.0,7.0,60,270.0,0.0,0.0,2.0,1.0,0.0,0.140740740741,0.0259259259259,0.0,0.0,0.00740740740741,0.0,0.0,1,True,SOU,9,2
219,220,Fernando Francisco,Reges,Man City,9,Midfielder,49,100.0,100.0,1051,1.0,32.0,6.0,49,198.0,0.0,0.0,2.0,1.0,0.0,0.161616161616,0.030303030303,0.0,0.0,0.010101010101,0.0,0.0,1,True,SOU,9,1
220,221,Edin,Dzeko,Man City,9,Forward,75,0.0,0.0,0,0.0,0.0,0.0,75,0.0,0.0,0.0,0.0,0.0,0.0,0.0,0.0,0.0,0.0,0.0,0.0,0.0,1,True,SOU,9,0
221,222,Sergio,Agüero,Man City,9,Forward,135,100.0,100.0,1596,5.3,0.0,0.0,130,0.0,0.0,0.0,0.0,0.0,0.0,0.0,0.0,0.0,0.0,0.0,0.0,0.0,1,True,SOU,9,2
222,223,Stevan,Jovetic,Man City,9,Forward,70,0.0,0.0,0,0.0,0.0,0.0,70,0.0,0.0,0.0,0.0,0.0,0.0,0.0,0.0,0.0,0.0,0.0,0.0,0.0,1,True,SOU,9,0
223,224,Wilfried,Bony,Man City,9,Forward,79,100.0,100.0,937,1.5,13.0,5.0,82,196.0,0.0,0.0,1.0,1.0,0.0,0.0663265306122,0.0255102040816,0.0,0.0,0.00510204081633,0.0,0.0,1,True,SOU,9,1
224,225,Jose,Pozo,Man City,9,Forward,48,,,0,0.0,0.0,0.0,48,0.0,0.0,0.0,0.0,0.0,0.0,0.0,0.0,0.0,0.0,0.0,0.0,0.0,1,True,SOU,9,0
225,226,David,de Gea,Man Utd,10,Goalkeeper,57,100.0,100.0,2160,2.8,72.0,21.0,56,270.0,0.0,0.0,3.0,0.0,6.0,0.266666666667,0.0777777777778,0.0,0.0,0.0111111111111,0.0,0.0222222222222,3,False,LEI,2,2
226,227,Víctor,Valdés,Man Utd,10,Goalkeeper,47,0.0,0.0,0,0.0,0.0,0.0,47,0.0,0.0,0.0,0.0,0.0,0.0,0.0,0.0,0.0,0.0,0.0,0.0,0.0,3,False,LEI,2,0
227,228,Chris,Smalling,Man Utd,10,Defender,65,75.0,75.0,2250,0.4,76.0,19.0,67,270.0,0.0,0.0,3.0,0.0,0.0,0.281481481481,0.0703703703704,0.0,0.0,0.0111111111111,0.0,0.0,3,False,LEI,2,2
228,229,Phil,Jones,Man Utd,10,Defender,48,25.0,25.0,530,0.0,35.0,10.0,52,119.0,0.0,0.0,1.0,0.0,0.0,0.294117647059,0.0840336134454,0.0,0.0,0.00840336134454,0.0,0.0,3,False,LEI,2,0
229,230,Rafael Pereira,da Silva,Man Utd,10,Defender,50,,,0,0.0,0.0,0.0,50,0.0,0.0,0.0,0.0,0.0,0.0,0.0,0.0,0.0,0.0,0.0,0.0,0.0,3,False,LEI,2,0
230,231,Jonny,Evans,West Brom,19,Defender,46,0.0,0.0,1780,1.4,64.0,8.0,48,270.0,0.0,0.0,1.0,5.0,0.0,0.237037037037,0.0296296296296,0.0,0.0,0.0037037037037,0.0,0.0,3,False,WHU,8,4
231,232,Guillermo,Varela,Man Utd,10,Defender,42,100.0,100.0,315,1.2,0.0,0.0,42,0.0,0.0,0.0,0.0,0.0,0.0,0.0,0.0,0.0,0.0,0.0,0.0,0.0,3,False,LEI,2,0
232,233,Luke,Shaw,Man Utd,10,Defender,53,0.0,0.0,450,0.0,0.0,0.0,53,0.0,0.0,0.0,0.0,0.0,0.0,0.0,0.0,0.0,0.0,0.0,0.0,0.0,3,False,LEI,2,0
233,234,Tyler,Blackett,Man Utd,10,Defender,44,0.0,0.0,0,0.0,0.0,0.0,44,0.0,0.0,0.0,0.0,0.0,0.0,0.0,0.0,0.0,0.0,0.0,0.0,0.0,3,False,LEI,2,0
234,235,Marcos,Rojo,Man Utd,10,Defender,50,100.0,100.0,602,1.4,71.0,19.0,55,255.0,0.0,0.0,3.0,0.0,0.0,0.278431372549,0.0745098039216,0.0,0.0,0.0117647058824,0.0,0.0,3,False,LEI,2,0
235,236,Patrick,McNair,Man Utd,10,Defender,45,100.0,100.0,315,0.2,0.0,0.0,47,0.0,0.0,0.0,0.0,0.0,0.0,0.0,0.0,0.0,0.0,0.0,0.0,0.0,3,False,LEI,2,2
236,237,Antonio,Valencia,Man Utd,10,Defender,50,25.0,25.0,284,0.0,25.0,7.0,52,80.0,0.0,0.0,1.0,0.0,0.0,0.3125,0.0875,0.0,0.0,0.0125,0.0,0.0,3,False,LEI,2,0
237,238,Juan,Mata,Man Utd,10,Midfielder,81,,,2168,3.8,45.0,14.0,88,234.0,1.0,0.0,3.0,0.0,0.0,0.192307692308,0.0598290598291,0.0042735042735,0.0,0.0128205128205,0.0,0.0,3,False,LEI,2,2
238,239,Marouane,Fellaini,Man Utd,10,Midfielder,62,25.0,25.0,891,0.6,6.0,2.0,62,38.0,0.0,0.0,0.0,0.0,0.0,0.157894736842,0.0526315789474,0.0,0.0,0.0,0.0,0.0,3,False,LEI,2,0
239,240,Memphis,Depay,Man Utd,10,Midfielder,78,100.0,100.0,1225,1.4,0.0,0.0,80,0.0,0.0,0.0,0.0,0.0,0.0,0.0,0.0,0.0,0.0,0.0,0.0,0.0,3,False,LEI,2,1
240,241,Michael,Carrick,Man Utd,10,Midfielder,48,100.0,100.0,1333,0.8,15.0,3.0,49,90.0,0.0,0.0,1.0,0.0,0.0,0.166666666667,0.0333333333333,0.0,0.0,0.0111111111111,0.0,0.0,3,False,LEI,2,2
241,242,Ashley,Young,Man Utd,10,Midfielder,56,0.0,0.0,1013,0.0,16.0,4.0,56,86.0,0.0,0.0,1.0,0.0,0.0,0.186046511628,0.046511627907,0.0,0.0,0.0116279069767,0.0,0.0,3,False,LEI,2,1
242,243,Adnan,Januzaj,Man Utd,10,Midfielder,55,100.0,100.0,141,0.0,0.0,0.0,55,0.0,0.0,0.0,0.0,0.0,0.0,0.0,0.0,0.0,0.0,0.0,0.0,0.0,3,False,LEI,2,0
243,244,Ander,Herrera,Man Utd,10,Midfielder,65,100.0,100.0,1218,2.0,37.0,7.0,66,189.0,0.0,0.0,2.0,0.0,0.0,0.195767195767,0.037037037037,0.0,0.0,0.010582010582,0.0,0.0,3,False,LEI,2,0
244,245,Ángel,Di María,Man Utd,10,Midfielder,85,50.0,50.0,0,0.0,0.0,0.0,85,0.0,0.0,0.0,0.0,0.0,0.0,0.0,0.0,0.0,0.0,0.0,0.0,0.0,3,False,LEI,2,0
245,246,Daley,Blind,Man Utd,10,Midfielder,52,,,2313,1.6,38.0,6.0,54,180.0,0.0,0.0,2.0,0.0,0.0,0.211111111111,0.0333333333333,0.0,0.0,0.0111111111111,0.0,0.0,3,False,LEI,2,6
246,247,Andreas,Pereira,Man Utd,10,Midfielder,45,100.0,100.0,84,0.0,0.0,0.0,46,0.0,0.0,0.0,0.0,0.0,0.0,0.0,0.0,0.0,0.0,0.0,0.0,0.0,3,False,LEI,2,0
247,248,Robin,van Persie,Man Utd,10,Forward,95,,,0,0.0,0.0,0.0,95,0.0,0.0,0.0,0.0,0.0,0.0,0.0,0.0,0.0,0.0,0.0,0.0,0.0,3,False,LEI,2,0
248,249,Javier,Hernández,Man Utd,10,Forward,60,0.0,0.0,24,0.0,0.0,0.0,60,0.0,0.0,0.0,0.0,0.0,0.0,0.0,0.0,0.0,0.0,0.0,0.0,0.0,3,False,LEI,2,0
249,250,Wayne,Rooney,Man Utd,10,Forward,99,0.0,0.0,1903,1.2,12.0,6.0,101,261.0,0.0,0.0,3.0,0.0,0.0,0.0459770114943,0.0229885057471,0.0,0.0,0.0114942528736,0.0,0.0,3,False,LEI,2,2
250,251,James,Wilson,Man Utd,10,Forward,45,0.0,0.0,9,0.0,0.0,0.0,46,0.0,0.0,0.0,0.0,0.0,0.0,0.0,0.0,0.0,0.0,0.0,0.0,0.0,3,False,LEI,2,0
251,252,Tim,Krul,Newcastle,11,Goalkeeper,43,0.0,0.0,720,0.0,0.0,0.0,44,0.0,0.0,0.0,0.0,0.0,0.0,0.0,0.0,0.0,0.0,0.0,0.0,0.0,3,False,CRY,6,0
252,253,Robert,Elliot,Newcastle,11,Goalkeeper,40,100.0,100.0,1710,2.5,69.0,18.0,40,270.0,0.0,0.0,2.0,3.0,7.0,0.255555555556,0.0666666666667,0.0,0.0,0.00740740740741,0.0,0.0259259259259,3,False,CRY,6,1
253,254,Michael,Williamson,Newcastle,11,Defender,42,0.0,0.0,0,0.0,0.0,0.0,42,0.0,0.0,0.0,0.0,0.0,0.0,0.0,0.0,0.0,0.0,0.0,0.0,0.0,3,False,CRY,6,0
254,255,Steven,Taylor,Newcastle,11,Defender,38,100.0,100.0,495,2.0,0.0,0.0,39,0.0,0.0,0.0,0.0,0.0,0.0,0.0,0.0,0.0,0.0,0.0,0.0,0.0,3,False,CRY,6,0
255,256,Fabricio,Coloccini,Newcastle,11,Defender,45,0.0,0.0,2292,1.5,36.0,9.0,45,225.0,0.0,0.0,2.0,3.0,0.0,0.16,0.04,0.0,0.0,0.00888888888889,0.0,0.0,3,False,CRY,6,0
256,257,Massadio,Haidara,Newcastle,11,Defender,42,0.0,0.0,555,0.0,0.0,0.0,44,0.0,0.0,0.0,0.0,0.0,0.0,0.0,0.0,0.0,0.0,0.0,0.0,0.0,3,False,CRY,6,0
257,258,Paul,Dummett,Newcastle,11,Defender,42,75.0,100.0,1352,0.8,63.0,16.0,43,257.0,0.0,0.0,2.0,2.0,0.0,0.24513618677,0.0622568093385,0.0,0.0,0.00778210116732,0.0,0.0,3,False,CRY,6,0
258,259,Daryl,Janmaat,Newcastle,11,Defender,48,100.0,100.0,2372,3.0,61.0,12.0,49,262.0,0.0,0.0,2.0,3.0,0.0,0.232824427481,0.0458015267176,0.0,0.0,0.00763358778626,0.0,0.0,3,False,CRY,6,3
259,260,Gabriel,Obertan,Newcastle,11,Midfielder,42,0.0,0.0,279,0.0,0.0,0.0,43,0.0,0.0,0.0,0.0,0.0,0.0,0.0,0.0,0.0,0.0,0.0,0.0,0.0,3,False,CRY,6,0
260,261,Cheick,Tioté,Newcastle,11,Midfielder,44,100.0,100.0,720,1.3,27.0,5.0,44,205.0,0.0,0.0,2.0,0.0,0.0,0.131707317073,0.0243902439024,0.0,0.0,0.00975609756098,0.0,0.0,3,False,CRY,6,0
261,262,Mehdi,Abeid,Newcastle,11,Midfielder,45,0.0,0.0,0,0.0,0.0,0.0,45,0.0,0.0,0.0,0.0,0.0,0.0,0.0,0.0,0.0,0.0,0.0,0.0,0.0,3,False,CRY,6,0
262,263,Vurnon,Anita,Newcastle,11,Midfielder,42,100.0,100.0,1430,0.5,38.0,7.0,44,222.0,0.0,0.0,2.0,2.0,0.0,0.171171171171,0.0315315315315,0.0,0.0,0.00900900900901,0.0,0.0,3,False,CRY,6,2
263,264,Moussa,Sissoko,Newcastle,11,Midfielder,56,100.0,100.0,2325,2.3,41.0,8.0,57,270.0,0.0,0.0,2.0,3.0,0.0,0.151851851852,0.0296296296296,0.0,0.0,0.00740740740741,0.0,0.0,3,False,CRY,6,2
264,265,Jack,Colback,Newcastle,11,Midfielder,52,100.0,100.0,1697,2.0,6.0,0.0,52,48.0,0.0,0.0,0.0,1.0,0.0,0.125,0.0,0.0,0.0,0.0,0.0,0.0,3,False,CRY,6,2
265,266,Yoan,Gouffran,Newcastle,11,Midfielder,55,75.0,75.0,227,0.8,0.0,0.0,56,0.0,0.0,0.0,0.0,0.0,0.0,0.0,0.0,0.0,0.0,0.0,0.0,0.0,3,False,CRY,6,1
266,267,Sammy,Ameobi,Newcastle,11,Midfielder,50,,,0,0.0,0.0,0.0,50,0.0,0.0,0.0,0.0,0.0,0.0,0.0,0.0,0.0,0.0,0.0,0.0,0.0,3,False,CRY,6,0
267,268,Siem,de Jong,Newcastle,11,Midfielder,60,100.0,100.0,353,0.0,3.0,1.0,61,20.0,0.0,0.0,0.0,0.0,0.0,0.15,0.05,0.0,0.0,0.0,0.0,0.0,3,False,CRY,6,1
268,269,Rémy,Cabella,Newcastle,11,Midfielder,65,0.0,0.0,0,0.0,0.0,0.0,65,0.0,0.0,0.0,0.0,0.0,0.0,0.0,0.0,0.0,0.0,0.0,0.0,0.0,3,False,CRY,6,0
269,270,Rolando,Aarons,Newcastle,11,Midfielder,45,100.0,100.0,365,1.5,0.0,0.0,46,0.0,0.0,0.0,0.0,0.0,0.0,0.0,0.0,0.0,0.0,0.0,0.0,0.0,3,False,CRY,6,0
270,271,Papiss Demba,Cissé,Newcastle,11,Forward,62,75.0,75.0,612,0.0,-1.0,1.0,62,28.0,0.0,0.0,0.0,0.0,0.0,-0.0357142857143,0.0357142857143,0.0,0.0,0.0,0.0,0.0,3,False,CRY,6,7
271,272,Adam,Armstrong,Newcastle,11,Forward,43,0.0,0.0,0,0.0,0.0,0.0,43,0.0,0.0,0.0,0.0,0.0,0.0,0.0,0.0,0.0,0.0,0.0,0.0,0.0,3,False,CRY,6,0
272,273,Ayoze,Pérez Gutiérrez,Newcastle,11,Forward,51,,,1589,1.8,52.0,12.0,51,256.0,1.0,0.0,2.0,3.0,0.0,0.203125,0.046875,0.00390625,0.0,0.0078125,0.0,0.0,3,False,CRY,6,1
273,274,Emmanuel,Riviere,Newcastle,11,Forward,54,100.0,100.0,65,0.5,0.0,0.0,54,0.0,0.0,0.0,0.0,0.0,0.0,0.0,0.0,0.0,0.0,0.0,0.0,0.0,3,False,CRY,6,0
274,275,John,Ruddy,Norwich,12,Goalkeeper,41,,,1620,1.4,48.0,11.0,44,270.0,0.0,0.0,1.0,3.0,6.0,0.177777777778,0.0407407407407,0.0,0.0,0.0037037037037,0.0,0.0222222222222,3,True,ARS,4,2
275,276,Declan,Rudd,Norwich,12,Goalkeeper,39,,,990,0.2,0.0,0.0,40,0.0,0.0,0.0,0.0,0.0,0.0,0.0,0.0,0.0,0.0,0.0,0.0,0.0,3,True,ARS,4,0
276,277,Sebastien,Bassong,Norwich,12,Defender,42,75.0,75.0,2340,0.4,48.0,10.0,43,270.0,0.0,0.0,1.0,3.0,0.0,0.177777777778,0.037037037037,0.0,0.0,0.0037037037037,0.0,0.0,3,True,ARS,4,2
277,278,Steven,Whittaker,Norwich,12,Defender,39,100.0,100.0,660,0.0,0.0,0.0,43,0.0,0.0,0.0,0.0,0.0,0.0,0.0,0.0,0.0,0.0,0.0,0.0,0.0,3,True,ARS,4,0
278,279,Russell,Martin,Norwich,12,Defender,42,100.0,100.0,2157,1.2,14.0,0.0,46,177.0,0.0,0.0,0.0,3.0,0.0,0.0790960451977,0.0,0.0,0.0,0.0,0.0,0.0,3,True,ARS,4,0
279,280,Martin,Olsson,Norwich,12,Defender,44,100.0,100.0,1046,0.2,26.0,7.0,44,180.0,0.0,0.0,1.0,2.0,0.0,0.144444444444,0.0388888888889,0.0,0.0,0.00555555555556,0.0,0.0,3,True,ARS,4,2
280,281,Michael,Turner,Norwich,12,Defender,39,,,0,0.0,0.0,0.0,39,0.0,0.0,0.0,0.0,0.0,0.0,0.0,0.0,0.0,0.0,0.0,0.0,0.0,3,True,ARS,4,0
281,282,Jos,Hooiveld,Norwich,12,Defender,40,,,0,0.0,0.0,0.0,40,0.0,0.0,0.0,0.0,0.0,0.0,0.0,0.0,0.0,0.0,0.0,0.0,0.0,3,True,ARS,4,0
282,283,Ryan,Bennett,Norwich,12,Defender,39,,,1338,0.2,42.0,9.0,39,270.0,0.0,0.0,1.0,3.0,0.0,0.155555555556,0.0333333333333,0.0,0.0,0.0037037037037,0.0,0.0,3,True,ARS,4,2
283,284,Bradley,Johnson,Norwich,12,Midfielder,53,0.0,0.0,154,0.0,0.0,0.0,53,0.0,0.0,0.0,0.0,0.0,0.0,0.0,0.0,0.0,0.0,0.0,0.0,0.0,3,True,ARS,4,0
284,285,Nathan,Redmond,Norwich,12,Midfielder,50,100.0,100.0,1872,3.0,9.0,3.0,55,135.0,0.0,0.0,0.0,3.0,0.0,0.0666666666667,0.0222222222222,0.0,0.0,0.0,0.0,0.0,3,True,ARS,4,1
285,286,Wes,Hoolahan,Norwich,12,Midfielder,47,100.0,100.0,1635,3.2,16.0,5.0,50,166.0,0.0,0.0,1.0,1.0,0.0,0.0963855421687,0.0301204819277,0.0,0.0,0.00602409638554,0.0,0.0,3,True,ARS,4,2
286,287,Jonny,Howson,Norwich,12,Midfielder,49,,,2334,1.4,52.0,14.0,49,270.0,1.0,0.0,1.0,3.0,0.0,0.192592592593,0.0518518518519,0.0037037037037,0.0,0.0037037037037,0.0,0.0,3,True,ARS,4,2
287,288,Graham,Dorrans,Norwich,12,Midfielder,44,100.0,100.0,1048,0.2,0.0,0.0,46,0.0,0.0,0.0,0.0,0.0,0.0,0.0,0.0,0.0,0.0,0.0,0.0,0.0,3,True,ARS,4,2
288,289,Alexander,Tettey,Norwich,12,Midfielder,42,0.0,0.0,1949,0.6,38.0,6.0,43,270.0,0.0,0.0,1.0,3.0,0.0,0.140740740741,0.0222222222222,0.0,0.0,0.0037037037037,0.0,0.0,3,True,ARS,4,0
289,290,Gary,O'Neil,Norwich,12,Midfielder,42,100.0,100.0,945,1.2,8.0,3.0,43,111.0,0.0,0.0,1.0,1.0,0.0,0.0720720720721,0.027027027027,0.0,0.0,0.00900900900901,0.0,0.0,3,True,ARS,4,1
290,291,Elliott,Bennett,Norwich,12,Midfielder,42,0.0,0.0,0,0.0,0.0,0.0,43,0.0,0.0,0.0,0.0,0.0,0.0,0.0,0.0,0.0,0.0,0.0,0.0,0.0,3,True,ARS,4,0
291,292,Youssouf,Mulumbu,Norwich,12,Midfielder,43,100.0,100.0,368,0.2,24.0,4.0,43,70.0,0.0,0.0,0.0,1.0,0.0,0.342857142857,0.0571428571429,0.0,0.0,0.0,0.0,0.0,3,True,ARS,4,0
292,293,Cameron,Jerome,Norwich,12,Forward,45,100.0,100.0,1474,1.4,22.0,9.0,47,166.0,1.0,0.0,1.0,1.0,0.0,0.132530120482,0.0542168674699,0.00602409638554,0.0,0.00602409638554,0.0,0.0,3,True,ARS,4,1
293,294,Ricky,van Wolfswinkel,Norwich,12,Forward,47,,,0,0.0,0.0,0.0,47,0.0,0.0,0.0,0.0,0.0,0.0,0.0,0.0,0.0,0.0,0.0,0.0,0.0,3,True,ARS,4,0
294,295,Lewis,Grabban,Bournemouth,3,Forward,42,100.0,100.0,359,0.4,3.0,1.0,44,4.0,0.0,0.0,0.0,1.0,0.0,0.75,0.25,0.0,0.0,0.0,0.0,0.0,3,True,ARS,4,7
295,296,Gary,Hooper,Norwich,12,Forward,42,0.0,0.0,13,0.0,0.0,0.0,43,0.0,0.0,0.0,0.0,0.0,0.0,0.0,0.0,0.0,0.0,0.0,0.0,0.0,3,True,ARS,4,0
296,297,Kyle,Lafferty,Norwich,12,Forward,43,100.0,100.0,14,0.0,0.0,0.0,45,0.0,0.0,0.0,0.0,0.0,0.0,0.0,0.0,0.0,0.0,0.0,0.0,0.0,3,True,ARS,4,0
297,298,Fraser,Forster,Southampton,13,Goalkeeper,51,100.0,100.0,810,3.2,0.0,0.0,49,0.0,0.0,0.0,0.0,0.0,0.0,0.0,0.0,0.0,0.0,0.0,0.0,0.0,3,False,MCI,1,0
298,299,Kelvin,Davis,Southampton,13,Goalkeeper,41,,,90,0.0,0.0,0.0,43,0.0,0.0,0.0,0.0,0.0,0.0,0.0,0.0,0.0,0.0,0.0,0.0,0.0,3,False,MCI,1,0
299,300,Maarten,Stekelenburg,Southampton,13,Goalkeeper,49,100.0,100.0,1530,0.0,60.0,15.0,50,270.0,0.0,0.0,2.0,1.0,6.0,0.222222222222,0.0555555555556,0.0,0.0,0.00740740740741,0.0,0.0222222222222,3,False,MCI,1,2
300,301,Ryan,Bertrand,Southampton,13,Defender,53,100.0,100.0,2070,2.8,81.0,21.0,53,270.0,0.0,2.0,2.0,1.0,0.0,0.3,0.0777777777778,0.0,0.00740740740741,0.00740740740741,0.0,0.0,3,False,MCI,1,1
301,302,Jose,Fonte,Southampton,13,Defender,56,0.0,100.0,2498,3.2,57.0,11.0,54,225.0,0.0,0.0,1.0,1.0,0.0,0.253333333333,0.0488888888889,0.0,0.0,0.00444444444444,0.0,0.0,3,False,MCI,1,0
302,303,Maya,Yoshida,Southampton,13,Defender,40,,,956,3.6,40.0,10.0,42,135.0,0.0,0.0,1.0,0.0,0.0,0.296296296296,0.0740740740741,0.0,0.0,0.00740740740741,0.0,0.0,3,False,MCI,1,1
303,304,Matt,Targett,Southampton,13,Defender,39,100.0,100.0,943,1.4,0.0,0.0,40,0.0,0.0,0.0,0.0,0.0,0.0,0.0,0.0,0.0,0.0,0.0,0.0,0.0,3,False,MCI,1,0
304,305,Florin,Gardos,Southampton,13,Defender,44,0.0,0.0,0,0.0,0.0,0.0,44,0.0,0.0,0.0,0.0,0.0,0.0,0.0,0.0,0.0,0.0,0.0,0.0,0.0,3,False,MCI,1,0
305,306,Toby,Alderweireld,Spurs,14,Defender,64,,,2610,4.0,51.0,9.0,53,270.0,0.0,1.0,0.0,3.0,0.0,0.188888888889,0.0333333333333,0.0,0.0037037037037,0.0,0.0,0.0,1,True,CHE,14,9
306,307,Cédric,Soares,Southampton,13,Defender,48,100.0,100.0,1785,2.0,55.0,10.0,50,180.0,0.0,0.0,1.0,1.0,0.0,0.305555555556,0.0555555555556,0.0,0.0,0.00555555555556,0.0,0.0,3,False,MCI,1,0
307,308,Morgan,Schneiderlin,Man Utd,10,Midfielder,51,100.0,100.0,1668,1.6,31.0,5.0,52,180.0,0.0,0.0,2.0,0.0,0.0,0.172222222222,0.0277777777778,0.0,0.0,0.0111111111111,0.0,0.0,3,False,LEI,2,0
308,309,Steven,Davis,Southampton,13,Midfielder,48,100.0,100.0,1981,1.6,65.0,16.0,48,259.0,1.0,0.0,2.0,1.0,0.0,0.250965250965,0.0617760617761,0.003861003861,0.0,0.00772200772201,0.0,0.0,3,False,MCI,1,2
309,310,James,Ward-Prowse,Southampton,13,Midfielder,55,,,1410,2.4,19.0,5.0,56,128.0,0.0,0.0,1.0,1.0,0.0,0.1484375,0.0390625,0.0,0.0,0.0078125,0.0,0.0,3,False,MCI,1,1
310,311,Victor,Wanyama,Southampton,13,Midfielder,42,0.0,0.0,1884,0.2,28.0,2.0,43,167.0,0.0,0.0,1.0,1.0,0.0,0.167664670659,0.0119760479042,0.0,0.0,0.0059880239521,0.0,0.0,3,False,MCI,1,2
311,312,Harrison,Reed,Southampton,13,Midfielder,42,,,11,0.0,0.0,0.0,43,0.0,0.0,0.0,0.0,0.0,0.0,0.0,0.0,0.0,0.0,0.0,0.0,0.0,3,False,MCI,1,0
312,313,Dusan,Tadic,Southampton,13,Midfielder,66,,,1611,1.2,56.0,17.0,71,232.0,1.0,1.0,3.0,0.0,0.0,0.241379310345,0.073275862069,0.00431034482759,0.00431034482759,0.0129310344828,0.0,0.0,3,False,MCI,1,1
313,314,Sadio,Mané,Southampton,13,Midfielder,73,100.0,100.0,2003,1.4,14.0,9.0,80,262.0,1.0,0.0,2.0,1.0,0.0,0.0534351145038,0.0343511450382,0.00381679389313,0.0,0.00763358778626,0.0,0.0,3,False,MCI,1,5
314,315,Jake,Hesketh,Southampton,13,Midfielder,47,,,0,0.0,0.0,0.0,47,0.0,0.0,0.0,0.0,0.0,0.0,0.0,0.0,0.0,0.0,0.0,0.0,0.0,3,False,MCI,1,0
315,316,Eljero,Elia,Southampton,13,Midfielder,60,,,0,0.0,0.0,0.0,60,0.0,0.0,0.0,0.0,0.0,0.0,0.0,0.0,0.0,0.0,0.0,0.0,0.0,3,False,MCI,1,0
316,317,Filip,Djuricic,Southampton,13,Midfielder,55,,,0,0.0,0.0,0.0,55,0.0,0.0,0.0,0.0,0.0,0.0,0.0,0.0,0.0,0.0,0.0,0.0,0.0,3,False,MCI,1,0
317,318,Shane,Long,Southampton,13,Forward,57,0.0,0.0,1430,3.4,0.0,0.0,57,0.0,0.0,0.0,0.0,0.0,0.0,0.0,0.0,0.0,0.0,0.0,0.0,0.0,3,False,MCI,1,7
318,319,Jay,Rodriguez,Southampton,13,Forward,64,0.0,0.0,252,0.0,0.0,0.0,65,0.0,0.0,0.0,0.0,0.0,0.0,0.0,0.0,0.0,0.0,0.0,0.0,0.0,3,False,MCI,1,0
319,320,Emmanuel,Mayuka,Southampton,13,Forward,45,0.0,0.0,0,0.0,0.0,0.0,45,0.0,0.0,0.0,0.0,0.0,0.0,0.0,0.0,0.0,0.0,0.0,0.0,0.0,3,False,MCI,1,0
320,321,Graziano,Pellè,Southampton,13,Forward,78,100.0,100.0,1681,1.6,31.0,9.0,85,270.0,1.0,0.0,2.0,1.0,0.0,0.114814814815,0.0333333333333,0.0037037037037,0.0,0.00740740740741,0.0,0.0,3,False,MCI,1,0
321,322,Juan Miguel,Jiménez López,Southampton,13,Forward,53,,,173,0.2,4.0,2.0,54,23.0,0.0,0.0,0.0,1.0,0.0,0.173913043478,0.0869565217391,0.0,0.0,0.0,0.0,0.0,3,False,MCI,1,1
322,323,Hugo,Lloris,Spurs,14,Goalkeeper,52,100.0,100.0,2520,3.0,35.0,7.0,51,270.0,0.0,0.0,0.0,3.0,5.0,0.12962962963,0.0259259259259,0.0,0.0,0.0,0.0,0.0185185185185,1,True,CHE,14,6
323,324,Michel,Vorm,Spurs,14,Goalkeeper,42,,,90,0.0,0.0,0.0,44,0.0,0.0,0.0,0.0,0.0,0.0,0.0,0.0,0.0,0.0,0.0,0.0,0.0,1,True,CHE,14,0
324,325,Danny,Rose,Spurs,14,Defender,51,100.0,100.0,1418,3.4,66.0,16.0,52,261.0,0.0,3.0,0.0,3.0,0.0,0.252873563218,0.0613026819923,0.0,0.0114942528736,0.0,0.0,0.0,1,True,CHE,14,5
325,326,Younes,Kaboul,Sunderland,16,Defender,42,100.0,100.0,1306,0.6,50.0,11.0,43,180.0,0.0,1.0,1.0,1.0,0.0,0.277777777778,0.0611111111111,0.0,0.00555555555556,0.00555555555556,0.0,0.0,3,True,STK,12,6
326,327,Kyle,Walker,Spurs,14,Defender,51,100.0,100.0,2151,1.4,54.0,6.0,50,261.0,0.0,0.0,0.0,3.0,0.0,0.206896551724,0.0229885057471,0.0,0.0,0.0,0.0,0.0,1,True,CHE,14,5
327,328,Jan,Vertonghen,Spurs,14,Defender,54,0.0,0.0,2054,0.0,46.0,6.0,55,270.0,0.0,0.0,0.0,3.0,0.0,0.17037037037,0.0222222222222,0.0,0.0,0.0,0.0,0.0,1,True,CHE,14,7
328,329,Vlad,Chiriches,Spurs,14,Defender,44,,,0,0.0,0.0,0.0,44,0.0,0.0,0.0,0.0,0.0,0.0,0.0,0.0,0.0,0.0,0.0,0.0,0.0,1,True,CHE,14,0
329,330,Ben,Davies,Spurs,14,Defender,41,,,1192,1.6,3.0,1.0,44,9.0,0.0,0.0,0.0,0.0,0.0,0.333333333333,0.111111111111,0.0,0.0,0.0,0.0,0.0,1,True,CHE,14,0
330,331,Eric,Dier,Spurs,14,Defender,54,100.0,100.0,2470,2.2,38.0,6.0,52,270.0,0.0,0.0,0.0,3.0,0.0,0.140740740741,0.0222222222222,0.0,0.0,0.0,0.0,0.0,1,True,CHE,14,6
331,332,Federico,Fazio,Spurs,14,Defender,47,0.0,0.0,0,0.0,0.0,0.0,47,0.0,0.0,0.0,0.0,0.0,0.0,0.0,0.0,0.0,0.0,0.0,0.0,0.0,1,True,CHE,14,0
332,333,DeAndre,Yedlin,Sunderland,16,Defender,44,100.0,100.0,1016,2.0,47.0,8.0,44,243.0,0.0,0.0,1.0,6.0,0.0,0.19341563786,0.0329218106996,0.0,0.0,0.00411522633745,0.0,0.0,3,True,STK,12,11
333,334,Kieran,Trippier,Spurs,14,Defender,49,,,459,3.4,3.0,1.0,50,9.0,0.0,0.0,0.0,0.0,0.0,0.333333333333,0.111111111111,0.0,0.0,0.0,0.0,0.0,1,True,CHE,14,0
334,335,Kevin,Wimmer,Spurs,14,Defender,46,,,542,2.4,0.0,0.0,47,0.0,0.0,0.0,0.0,0.0,0.0,0.0,0.0,0.0,0.0,0.0,0.0,0.0,1,True,CHE,14,0
335,336,Mousa,Dembélé,Spurs,14,Midfielder,51,100.0,50.0,1639,1.8,76.0,20.0,53,225.0,2.0,0.0,1.0,2.0,0.0,0.337777777778,0.0888888888889,0.00888888888889,0.0,0.00444444444444,0.0,0.0,1,True,CHE,14,3
336,337,Andros,Townsend,Newcastle,11,Midfielder,58,75.0,75.0,334,2.5,0.0,0.0,58,0.0,0.0,0.0,0.0,0.0,0.0,0.0,0.0,0.0,0.0,0.0,0.0,0.0,1,True,CHE,14,0
337,338,Nacer,Chadli,Spurs,14,Midfielder,66,100.0,100.0,874,2.4,0.0,0.0,67,0.0,0.0,0.0,0.0,0.0,0.0,0.0,0.0,0.0,0.0,0.0,0.0,0.0,1,True,CHE,14,0
338,339,Etienne,Capoue,Watford,18,Midfielder,48,100.0,100.0,2513,1.6,32.0,7.0,48,249.0,0.0,0.0,2.0,2.0,0.0,0.128514056225,0.0281124497992,0.0,0.0,0.00803212851406,0.0,0.0,3,False,AVL,20,1
339,340,Erik,Lamela,Spurs,14,Midfielder,68,100.0,100.0,1688,3.0,62.0,15.0,68,254.0,1.0,1.0,1.0,2.0,0.0,0.244094488189,0.0590551181102,0.00393700787402,0.00393700787402,0.00393700787402,0.0,0.0,1,True,CHE,14,1
340,341,Christian,Eriksen,Spurs,14,Midfielder,86,100.0,100.0,2139,3.8,62.0,9.0,84,270.0,0.0,1.0,0.0,3.0,0.0,0.22962962963,0.0333333333333,0.0,0.0037037037037,0.0,0.0,0.0,1,True,CHE,14,3
341,342,Nabil,Bentaleb,Spurs,14,Midfielder,42,100.0,100.0,170,0.0,0.0,0.0,43,0.0,0.0,0.0,0.0,0.0,0.0,0.0,0.0,0.0,0.0,0.0,0.0,0.0,1,True,CHE,14,0
342,343,Alex,Pritchard,West Brom,19,Midfielder,47,100.0,100.0,51,0.2,0.0,0.0,48,0.0,0.0,0.0,0.0,0.0,0.0,0.0,0.0,0.0,0.0,0.0,0.0,0.0,1,True,CHE,14,0
343,344,Benjamin,Stambouli,Spurs,14,Midfielder,45,,,0,0.0,0.0,0.0,45,0.0,0.0,0.0,0.0,0.0,0.0,0.0,0.0,0.0,0.0,0.0,0.0,0.0,1,True,CHE,14,0
344,345,Ryan,Mason,Spurs,14,Midfielder,49,100.0,100.0,620,0.8,5.0,3.0,49,54.0,0.0,0.0,0.0,1.0,0.0,0.0925925925926,0.0555555555556,0.0,0.0,0.0,0.0,0.0,1,True,CHE,14,1
345,346,Aaron,Lennon,Everton,6,Midfielder,56,,,847,7.0,14.0,3.0,57,77.0,0.0,0.0,0.0,2.0,0.0,0.181818181818,0.038961038961,0.0,0.0,0.0,0.0,0.0,1,False,BOU,18,1
346,347,Tom,Carroll,Spurs,14,Midfielder,47,100.0,100.0,432,0.4,0.0,0.0,47,0.0,0.0,0.0,0.0,0.0,0.0,0.0,0.0,0.0,0.0,0.0,0.0,0.0,1,True,CHE,14,0
347,348,Bamidele,Alli,Spurs,14,Midfielder,60,100.0,100.0,1955,2.8,42.0,14.0,50,259.0,1.0,0.0,0.0,3.0,0.0,0.162162162162,0.0540540540541,0.003861003861,0.0,0.0,0.0,0.0,1,True,CHE,14,0
348,349,Emmanuel,Adebayor,Crystal Palace,5,Forward,57,100.0,100.0,317,2.2,0.0,0.0,58,0.0,0.0,0.0,0.0,0.0,0.0,0.0,0.0,0.0,0.0,0.0,0.0,0.0,1,True,CHE,14,0
349,350,Harry,Kane,Spurs,14,Forward,100,100.0,100.0,2555,3.6,130.0,33.0,94,264.0,5.0,0.0,0.0,3.0,0.0,0.492424242424,0.125,0.0189393939394,0.0,0.0,0.0,0.0,1,True,CHE,14,1
350,351,Roberto,Soldado,Spurs,14,Forward,59,0.0,0.0,0,0.0,0.0,0.0,59,0.0,0.0,0.0,0.0,0.0,0.0,0.0,0.0,0.0,0.0,0.0,0.0,0.0,1,True,CHE,14,0
351,352,Asmir,Begovic,Chelsea,4,Goalkeeper,47,,,1027,0.0,43.0,6.0,50,270.0,0.0,0.0,0.0,6.0,8.0,0.159259259259,0.0222222222222,0.0,0.0,0.0,0.0,0.0296296296296,1,False,TOT,5,8
352,353,Jack,Butland,Stoke,15,Goalkeeper,53,,,2610,3.8,71.0,22.0,47,270.0,0.0,0.0,2.0,2.0,11.0,0.262962962963,0.0814814814815,0.0,0.0,0.00740740740741,0.0,0.0407407407407,3,False,SUN,17,2
353,354,Jakob,Haugaard,Stoke,15,Goalkeeper,44,,,0,0.0,0.0,0.0,44,0.0,0.0,0.0,0.0,0.0,0.0,0.0,0.0,0.0,0.0,0.0,0.0,0.0,3,False,SUN,17,0
354,355,Ryan,Shawcross,Stoke,15,Defender,48,50.0,25.0,1065,0.0,41.0,11.0,48,180.0,0.0,0.0,2.0,0.0,0.0,0.227777777778,0.0611111111111,0.0,0.0,0.0111111111111,0.0,0.0,3,False,SUN,17,-3
355,356,Marc,Wilson,Stoke,15,Defender,44,0.0,0.0,261,0.0,12.0,1.0,45,82.0,0.0,0.0,0.0,2.0,0.0,0.146341463415,0.0121951219512,0.0,0.0,0.0,0.0,0.0,3,False,SUN,17,0
356,357,Geoff,Cameron,Stoke,15,Defender,42,100.0,75.0,1559,2.0,5.0,2.0,45,28.0,0.0,0.0,0.0,0.0,0.0,0.178571428571,0.0714285714286,0.0,0.0,0.0,0.0,0.0,3,False,SUN,17,0
357,358,Erik,Pieters,Stoke,15,Defender,50,100.0,100.0,2565,2.4,68.0,13.0,49,270.0,0.0,0.0,2.0,2.0,0.0,0.251851851852,0.0481481481481,0.0,0.0,0.00740740740741,0.0,0.0,3,False,SUN,17,0
358,359,Marc,Muniesa,Stoke,15,Defender,42,100.0,100.0,830,2.2,0.0,0.0,43,0.0,0.0,0.0,0.0,0.0,0.0,0.0,0.0,0.0,0.0,0.0,0.0,0.0,3,False,SUN,17,0
359,360,Phil,Bardsley,Stoke,15,Defender,42,0.0,0.0,266,1.2,0.0,0.0,42,0.0,0.0,0.0,0.0,0.0,0.0,0.0,0.0,0.0,0.0,0.0,0.0,0.0,3,False,SUN,17,0
360,361,Philipp,Wollscheid,Stoke,15,Defender,45,100.0,100.0,2054,3.2,67.0,15.0,43,270.0,0.0,0.0,2.0,2.0,0.0,0.248148148148,0.0555555555556,0.0,0.0,0.00740740740741,0.0,0.0,3,False,SUN,17,1
361,362,Stephen,Ireland,Stoke,15,Midfielder,46,100.0,100.0,200,0.6,0.0,0.0,47,0.0,0.0,0.0,0.0,0.0,0.0,0.0,0.0,0.0,0.0,0.0,0.0,0.0,3,False,SUN,17,0
362,363,Charlie,Adam,Stoke,15,Midfielder,55,0.0,0.0,850,0.0,14.0,6.0,56,258.0,0.0,0.0,2.0,2.0,0.0,0.0542635658915,0.0232558139535,0.0,0.0,0.0077519379845,0.0,0.0,3,False,SUN,17,1
363,364,Glenn,Whelan,Stoke,15,Midfielder,43,100.0,100.0,2500,2.0,55.0,6.0,44,270.0,0.0,0.0,2.0,2.0,0.0,0.203703703704,0.0222222222222,0.0,0.0,0.00740740740741,0.0,0.0,3,False,SUN,17,2
364,365,Jonathan,Walters,Stoke,15,Midfielder,56,100.0,100.0,1486,2.2,-3.0,7.0,58,211.0,0.0,0.0,2.0,1.0,0.0,-0.0142180094787,0.0331753554502,0.0,0.0,0.00947867298578,0.0,0.0,3,False,SUN,17,2
365,366,Steven,N'Zonzi,Stoke,15,Midfielder,50,,,0,0.0,0.0,0.0,50,0.0,0.0,0.0,0.0,0.0,0.0,0.0,0.0,0.0,0.0,0.0,0.0,0.0,3,False,SUN,17,0
366,367,Steve,Sidwell,Stoke,15,Midfielder,42,0.0,0.0,13,0.0,0.0,0.0,42,0.0,0.0,0.0,0.0,0.0,0.0,0.0,0.0,0.0,0.0,0.0,0.0,0.0,3,False,SUN,17,0
367,368,Marko,Arnautovic,Stoke,15,Midfielder,64,100.0,100.0,2146,4.4,35.0,13.0,60,268.0,1.0,0.0,2.0,2.0,0.0,0.130597014925,0.0485074626866,0.00373134328358,0.0,0.00746268656716,0.0,0.0,3,False,SUN,17,2
368,369,Peter,Odemwingie,Stoke,15,Midfielder,47,100.0,100.0,106,0.2,0.0,0.0,47,0.0,0.0,0.0,0.0,0.0,0.0,0.0,0.0,0.0,0.0,0.0,0.0,0.0,3,False,SUN,17,0
369,370,Peter,Crouch,Stoke,15,Forward,56,100.0,100.0,180,0.2,3.0,2.0,56,31.0,0.0,0.0,0.0,1.0,0.0,0.0967741935484,0.0645161290323,0.0,0.0,0.0,0.0,0.0,3,False,SUN,17,0
370,371,Mame Biram,Diouf,Stoke,15,Forward,62,100.0,100.0,1024,3.2,4.0,1.0,63,9.0,0.0,0.0,0.0,0.0,0.0,0.444444444444,0.111111111111,0.0,0.0,0.0,0.0,0.0,3,False,SUN,17,1
371,372,Bojan,Krkic,Stoke,15,Forward,48,100.0,100.0,1311,0.4,22.0,5.0,52,219.0,0.0,0.0,1.0,2.0,0.0,0.100456621005,0.0228310502283,0.0,0.0,0.00456621004566,0.0,0.0,3,False,SUN,17,1
372,373,Jose Luis,Mato Sanmartín,Stoke,15,Forward,55,,,689,1.6,4.0,2.0,55,60.0,0.0,0.0,0.0,1.0,0.0,0.0666666666667,0.0333333333333,0.0,0.0,0.0,0.0,0.0,3,False,SUN,17,0
373,374,Vito,Mannone,Sunderland,16,Goalkeeper,43,,,990,2.4,0.0,0.0,43,0.0,0.0,0.0,0.0,0.0,0.0,0.0,0.0,0.0,0.0,0.0,0.0,0.0,3,True,STK,12,0
374,375,Costel,Pantilimon,Watford,18,Goalkeeper,46,,,1530,0.0,66.0,13.0,48,270.0,0.0,0.0,1.0,7.0,14.0,0.244444444444,0.0481481481481,0.0,0.0,0.0037037037037,0.0,0.0518518518519,3,True,STK,12,8
375,376,John,O'Shea,Sunderland,16,Defender,43,100.0,75.0,1847,1.2,3.0,1.0,43,36.0,0.0,0.0,0.0,0.0,0.0,0.0833333333333,0.0277777777778,0.0,0.0,0.0,0.0,0.0,3,True,STK,12,6
376,377,Valentin,Roberge,Sunderland,16,Defender,40,,,0,0.0,0.0,0.0,40,0.0,0.0,0.0,0.0,0.0,0.0,0.0,0.0,0.0,0.0,0.0,0.0,0.0,3,True,STK,12,0
377,378,Billy,Jones,Sunderland,16,Defender,42,100.0,100.0,2017,0.2,64.0,16.0,44,270.0,1.0,0.0,1.0,7.0,0.0,0.237037037037,0.0592592592593,0.0037037037037,0.0,0.0037037037037,0.0,0.0,3,True,STK,12,0
378,379,Patrick,van Aanholt,Sunderland,16,Defender,47,,,2250,2.4,19.0,2.0,46,90.0,0.0,1.0,0.0,6.0,0.0,0.211111111111,0.0222222222222,0.0,0.0111111111111,0.0,0.0,0.0,3,True,STK,12,15
379,380,Santiago,Vergini,Sunderland,16,Defender,45,,,0,0.0,0.0,0.0,45,0.0,0.0,0.0,0.0,0.0,0.0,0.0,0.0,0.0,0.0,0.0,0.0,0.0,3,True,STK,12,0
380,381,Wes,Brown,Sunderland,16,Defender,42,100.0,100.0,540,0.0,12.0,-1.0,43,90.0,0.0,0.0,0.0,6.0,0.0,0.133333333333,-0.0111111111111,0.0,0.0,0.0,0.0,0.0,3,True,STK,12,0
381,382,Sebastián,Coates,Sunderland,16,Defender,42,0.0,0.0,1229,0.0,42.0,3.0,42,234.0,0.0,1.0,0.0,7.0,0.0,0.179487179487,0.0128205128205,0.0,0.0042735042735,0.0,0.0,0.0,3,True,STK,12,7
382,383,Lee,Cattermole,Sunderland,16,Midfielder,43,0.0,0.0,1605,1.4,12.0,4.0,43,127.0,0.0,0.0,1.0,2.0,0.0,0.0944881889764,0.0314960629921,0.0,0.0,0.00787401574803,0.0,0.0,3,True,STK,12,3
383,384,Sebastian,Larsson,Sunderland,16,Midfielder,50,100.0,100.0,401,0.2,6.0,2.0,51,36.0,0.0,0.0,0.0,1.0,0.0,0.166666666667,0.0555555555556,0.0,0.0,0.0,0.0,0.0,3,True,STK,12,1
384,385,Jack,Rodwell,Sunderland,16,Midfielder,48,100.0,100.0,966,1.2,10.0,1.0,48,74.0,0.0,0.0,0.0,4.0,0.0,0.135135135135,0.0135135135135,0.0,0.0,0.0,0.0,0.0,3,True,STK,12,0
385,386,Jordi,Gomez Garcia-Penche,Sunderland,16,Midfielder,48,0.0,0.0,352,0.0,8.0,2.0,49,73.0,0.0,0.0,0.0,1.0,0.0,0.109589041096,0.027397260274,0.0,0.0,0.0,0.0,0.0,3,True,STK,12,0
386,387,Liam,Bridcutt,Sunderland,16,Midfielder,43,0.0,0.0,0,0.0,0.0,0.0,43,0.0,0.0,0.0,0.0,0.0,0.0,0.0,0.0,0.0,0.0,0.0,0.0,0.0,3,True,STK,12,0
387,388,Emanuele,Giaccherini,Sunderland,16,Midfielder,53,0.0,0.0,0,0.0,0.0,0.0,53,0.0,0.0,0.0,0.0,0.0,0.0,0.0,0.0,0.0,0.0,0.0,0.0,0.0,3,True,STK,12,0
388,389,Adam,Johnson,Sunderland,16,Midfielder,58,0.0,0.0,1148,1.2,51.0,11.0,58,270.0,1.0,0.0,1.0,7.0,0.0,0.188888888889,0.0407407407407,0.0037037037037,0.0,0.0037037037037,0.0,0.0,3,True,STK,12,4
389,390,William,Buckley,Sunderland,16,Midfielder,47,0.0,0.0,0,0.0,0.0,0.0,47,0.0,0.0,0.0,0.0,0.0,0.0,0.0,0.0,0.0,0.0,0.0,0.0,0.0,3,True,STK,12,0
390,391,Connor,Wickham,Crystal Palace,5,Forward,55,50.0,50.0,1022,6.0,4.0,1.0,55,26.0,0.0,0.0,0.0,0.0,0.0,0.153846153846,0.0384615384615,0.0,0.0,0.0,0.0,0.0,3,True,NEW,19,8
391,392,Jermain,Defoe,Sunderland,16,Forward,51,100.0,100.0,1830,4.6,35.0,7.0,52,162.0,1.0,0.0,0.0,6.0,0.0,0.216049382716,0.0432098765432,0.00617283950617,0.0,0.0,0.0,0.0,3,True,STK,12,1
392,393,Steven,Fletcher,Sunderland,16,Forward,48,0.0,0.0,1010,0.0,68.0,18.0,50,233.0,2.0,1.0,1.0,6.0,0.0,0.291845493562,0.0772532188841,0.00858369098712,0.00429184549356,0.00429184549356,0.0,0.0,3,True,STK,12,2
393,394,Danny,Graham,Sunderland,16,Forward,41,0.0,0.0,360,0.0,0.0,0.0,43,0.0,0.0,0.0,0.0,0.0,0.0,0.0,0.0,0.0,0.0,0.0,0.0,0.0,3,True,STK,12,0
394,395,Lukasz,Fabianski,Swansea,17,Goalkeeper,47,,,2610,4.8,43.0,6.0,49,270.0,0.0,0.0,0.0,5.0,8.0,0.159259259259,0.0222222222222,0.0,0.0,0.0,0.0,0.0296296296296,3,False,LIV,6,2
395,396,Kristoffer,Nordfeldt,Swansea,17,Goalkeeper,42,,,0,0.0,0.0,0.0,44,0.0,0.0,0.0,0.0,0.0,0.0,0.0,0.0,0.0,0.0,0.0,0.0,0.0,3,False,LIV,6,0
396,397,Kyle,Naughton,Swansea,17,Defender,45,100.0,100.0,1559,0.8,43.0,7.0,49,270.0,0.0,1.0,0.0,5.0,0.0,0.159259259259,0.0259259259259,0.0,0.0037037037037,0.0,0.0,0.0,3,False,LIV,6,2
397,398,Ashley,Williams,Swansea,17,Defender,48,,,2610,4.4,42.0,3.0,50,270.0,0.0,0.0,0.0,5.0,0.0,0.155555555556,0.0111111111111,0.0,0.0,0.0,0.0,0.0,3,False,LIV,6,2
398,399,Neil,Taylor,Swansea,17,Defender,47,,,2488,2.0,37.0,5.0,50,270.0,0.0,0.0,0.0,5.0,0.0,0.137037037037,0.0185185185185,0.0,0.0,0.0,0.0,0.0,3,False,LIV,6,2
399,400,Angel,Rangel,Swansea,17,Defender,41,100.0,100.0,1080,3.0,0.0,0.0,42,0.0,0.0,0.0,0.0,0.0,0.0,0.0,0.0,0.0,0.0,0.0,0.0,0.0,3,False,LIV,6,0
400,401,Kyle,Bartley,Swansea,17,Defender,42,,,286,0.0,0.0,0.0,43,0.0,0.0,0.0,0.0,0.0,0.0,0.0,0.0,0.0,0.0,0.0,0.0,0.0,3,False,LIV,6,1
401,402,Dwight,Tiendalli,Swansea,17,Defender,40,0.0,0.0,0,0.0,0.0,0.0,40,0.0,0.0,0.0,0.0,0.0,0.0,0.0,0.0,0.0,0.0,0.0,0.0,0.0,3,False,LIV,6,0
402,403,Jordi,Amat,Swansea,17,Defender,44,100.0,100.0,193,0.4,0.0,0.0,44,0.0,0.0,0.0,0.0,0.0,0.0,0.0,0.0,0.0,0.0,0.0,0.0,0.0,3,False,LIV,6,0
403,404,Federico,Fernández,Swansea,17,Defender,48,100.0,100.0,2160,2.0,44.0,5.0,50,270.0,0.0,0.0,0.0,5.0,0.0,0.162962962963,0.0185185185185,0.0,0.0,0.0,0.0,0.0,3,False,LIV,6,0
404,405,Franck,Tabanou,Swansea,17,Defender,44,0.0,0.0,0,0.0,0.0,0.0,44,0.0,0.0,0.0,0.0,0.0,0.0,0.0,0.0,0.0,0.0,0.0,0.0,0.0,3,False,LIV,6,0
405,406,Jack,Cork,Swansea,17,Midfielder,46,,,1736,3.8,4.0,1.0,47,6.0,0.0,0.0,0.0,0.0,0.0,0.666666666667,0.166666666667,0.0,0.0,0.0,0.0,0.0,3,False,LIV,6,1
406,407,Gylfi,Sigurdsson,Swansea,17,Midfielder,71,,,2299,5.6,46.0,12.0,72,257.0,1.0,0.0,0.0,5.0,0.0,0.178988326848,0.0466926070039,0.00389105058366,0.0,0.0,0.0,0.0,3,False,LIV,6,2
407,408,Wayne,Routledge,Swansea,17,Midfielder,51,100.0,100.0,1215,2.8,4.0,1.0,52,27.0,0.0,0.0,0.0,1.0,0.0,0.148148148148,0.037037037037,0.0,0.0,0.0,0.0,0.0,3,False,LIV,6,2
408,409,Nathan,Dyer,Leicester,7,Midfielder,46,100.0,100.0,238,0.2,3.0,3.0,47,34.0,0.0,0.0,0.0,1.0,0.0,0.0882352941176,0.0882352941176,0.0,0.0,0.0,0.0,0.0,3,True,MUN,3,0
409,410,Leon,Britton,Swansea,17,Midfielder,42,,,1146,1.4,5.0,2.0,43,19.0,0.0,0.0,0.0,0.0,0.0,0.263157894737,0.105263157895,0.0,0.0,0.0,0.0,0.0,3,False,LIV,6,2
410,411,Jonjo,Shelvey,Newcastle,11,Midfielder,53,100.0,100.0,1845,4.0,59.0,6.0,54,260.0,0.0,0.0,0.0,5.0,0.0,0.226923076923,0.0230769230769,0.0,0.0,0.0,0.0,0.0,3,False,LIV,6,0
411,412,Jay,Fulton,Swansea,17,Midfielder,43,100.0,100.0,20,0.2,0.0,0.0,43,0.0,0.0,0.0,0.0,0.0,0.0,0.0,0.0,0.0,0.0,0.0,0.0,0.0,3,False,LIV,6,0
412,413,Sung-yueng,Ki,Swansea,17,Midfielder,50,75.0,100.0,1694,0.6,41.0,5.0,51,264.0,0.0,0.0,0.0,5.0,0.0,0.155303030303,0.0189393939394,0.0,0.0,0.0,0.0,0.0,3,False,LIV,6,2
413,414,Jefferson,Montero,Swansea,17,Midfielder,51,100.0,100.0,953,0.0,21.0,7.0,56,216.0,0.0,0.0,1.0,4.0,0.0,0.0972222222222,0.0324074074074,0.0,0.0,0.00462962962963,0.0,0.0,3,False,LIV,6,1
414,415,Matt,Grimes,Swansea,17,Midfielder,42,0.0,0.0,90,0.0,0.0,0.0,43,0.0,0.0,0.0,0.0,0.0,0.0,0.0,0.0,0.0,0.0,0.0,0.0,0.0,3,False,LIV,6,0
415,416,André,Ayew,Swansea,17,Midfielder,67,100.0,100.0,2431,1.8,52.0,13.0,71,270.0,1.0,0.0,0.0,5.0,0.0,0.192592592593,0.0481481481481,0.0037037037037,0.0,0.0,0.0,0.0,3,False,LIV,6,2
416,417,Bafétimbi,Gomis,Swansea,17,Forward,63,100.0,100.0,1459,1.2,12.0,6.0,68,263.0,0.0,0.0,0.0,5.0,0.0,0.0456273764259,0.0228136882129,0.0,0.0,0.0,0.0,0.0,3,False,LIV,6,1
417,418,Marvin,Emnes,Swansea,17,Forward,41,,,55,0.0,0.0,0.0,43,0.0,0.0,0.0,0.0,0.0,0.0,0.0,0.0,0.0,0.0,0.0,0.0,0.0,3,False,LIV,6,0
418,419,Modou,Barrow,Swansea,17,Forward,43,100.0,100.0,499,0.8,10.0,2.0,44,27.0,0.0,0.0,0.0,0.0,0.0,0.37037037037,0.0740740740741,0.0,0.0,0.0,0.0,0.0,3,False,LIV,6,0
419,420,Ederzito Antonio,Macedo Lopes,Swansea,17,Forward,50,0.0,0.0,276,0.0,8.0,3.0,51,11.0,0.0,0.0,0.0,0.0,0.0,0.727272727273,0.272727272727,0.0,0.0,0.0,0.0,0.0,3,False,LIV,6,2
420,421,Heurelho,Gomes,Watford,18,Goalkeeper,49,100.0,100.0,2586,3.8,61.0,16.0,47,270.0,0.0,0.0,2.0,2.0,8.0,0.225925925926,0.0592592592593,0.0,0.0,0.00740740740741,0.0,0.0296296296296,3,False,AVL,20,3
421,422,Jonathan,Bond,Watford,18,Goalkeeper,40,,,0,0.0,0.0,0.0,40,0.0,0.0,0.0,0.0,0.0,0.0,0.0,0.0,0.0,0.0,0.0,0.0,0.0,3,False,AVL,20,0
422,423,Giedrius,Arlauskis,Watford,18,Goalkeeper,44,0.0,0.0,24,0.0,0.0,0.0,44,0.0,0.0,0.0,0.0,0.0,0.0,0.0,0.0,0.0,0.0,0.0,0.0,0.0,3,False,AVL,20,1
423,424,Gabriele,Angella,Watford,18,Defender,43,0.0,0.0,0,0.0,0.0,0.0,43,0.0,0.0,0.0,0.0,0.0,0.0,0.0,0.0,0.0,0.0,0.0,0.0,0.0,3,False,AVL,20,0
424,425,Craig,Cathcart,Watford,18,Defender,46,25.0,25.0,2359,1.8,60.0,13.0,46,270.0,0.0,0.0,2.0,2.0,0.0,0.222222222222,0.0481481481481,0.0,0.0,0.00740740740741,0.0,0.0,3,False,AVL,20,1
425,426,Sebastian,Prödl,Watford,18,Defender,42,100.0,100.0,1328,1.4,0.0,0.0,45,0.0,0.0,0.0,0.0,0.0,0.0,0.0,0.0,0.0,0.0,0.0,0.0,0.0,3,False,AVL,20,0
426,427,Juan Carlos,Paredes,Watford,18,Defender,42,100.0,100.0,490,1.2,16.0,6.0,43,69.0,0.0,1.0,0.0,0.0,0.0,0.231884057971,0.0869565217391,0.0,0.0144927536232,0.0,0.0,0.0,3,False,AVL,20,2
427,428,Miguel,Layún,Watford,18,Defender,45,,,131,0.0,0.0,0.0,45,0.0,0.0,0.0,0.0,0.0,0.0,0.0,0.0,0.0,0.0,0.0,0.0,0.0,3,False,AVL,20,0
428,429,Joel,Ekstrand,Watford,18,Defender,39,50.0,50.0,0,0.0,0.0,0.0,39,0.0,0.0,0.0,0.0,0.0,0.0,0.0,0.0,0.0,0.0,0.0,0.0,0.0,3,False,AVL,20,0
429,430,Daniel,Pudil,Watford,18,Defender,40,,,0,0.0,0.0,0.0,40,0.0,0.0,0.0,0.0,0.0,0.0,0.0,0.0,0.0,0.0,0.0,0.0,0.0,3,False,AVL,20,0
430,431,Tommie,Hoban,Watford,18,Defender,38,0.0,0.0,0,0.0,0.0,0.0,39,0.0,0.0,0.0,0.0,0.0,0.0,0.0,0.0,0.0,0.0,0.0,0.0,0.0,3,False,AVL,20,0
431,432,Lloyd,Doyley,Watford,18,Defender,40,0.0,0.0,0,0.0,0.0,0.0,40,0.0,0.0,0.0,0.0,0.0,0.0,0.0,0.0,0.0,0.0,0.0,0.0,0.0,3,False,AVL,20,0
432,433,Daniel,Tözsér,Watford,18,Midfielder,50,,,0,0.0,0.0,0.0,50,0.0,0.0,0.0,0.0,0.0,0.0,0.0,0.0,0.0,0.0,0.0,0.0,0.0,3,False,AVL,20,0
433,434,Almen,Abdi,Watford,18,Midfielder,47,100.0,100.0,1519,1.4,66.0,16.0,47,242.0,1.0,0.0,2.0,2.0,0.0,0.272727272727,0.0661157024793,0.00413223140496,0.0,0.00826446280992,0.0,0.0,3,False,AVL,20,2
434,435,Ben,Watson,Watford,18,Midfielder,43,,,2205,2.0,48.0,8.0,43,270.0,0.0,0.0,2.0,2.0,0.0,0.177777777778,0.0296296296296,0.0,0.0,0.00740740740741,0.0,0.0,3,False,AVL,20,5
435,436,Diego,Fabbrini,Watford,18,Midfielder,45,0.0,0.0,0,0.0,0.0,0.0,45,0.0,0.0,0.0,0.0,0.0,0.0,0.0,0.0,0.0,0.0,0.0,0.0,0.0,3,False,AVL,20,0
436,437,Ikechi,Anya,Watford,18,Midfielder,41,100.0,100.0,1317,0.4,31.0,11.0,44,222.0,0.0,1.0,2.0,2.0,0.0,0.13963963964,0.0495495495495,0.0,0.0045045045045,0.00900900900901,0.0,0.0,3,False,AVL,20,1
437,438,Lloyd,Dyer,Watford,18,Midfielder,42,,,0,0.0,0.0,0.0,42,0.0,0.0,0.0,0.0,0.0,0.0,0.0,0.0,0.0,0.0,0.0,0.0,0.0,3,False,AVL,20,0
438,439,Lewis,McGugan,Watford,18,Midfielder,45,,,0,0.0,0.0,0.0,45,0.0,0.0,0.0,0.0,0.0,0.0,0.0,0.0,0.0,0.0,0.0,0.0,0.0,3,False,AVL,20,0
439,440,Sean,Murray,Watford,18,Midfielder,44,100.0,100.0,0,0.0,0.0,0.0,44,0.0,0.0,0.0,0.0,0.0,0.0,0.0,0.0,0.0,0.0,0.0,0.0,0.0,3,False,AVL,20,0
440,441,Troy,Deeney,Watford,18,Forward,52,,,2558,4.0,53.0,16.0,51,270.0,2.0,0.0,2.0,2.0,0.0,0.196296296296,0.0592592592593,0.00740740740741,0.0,0.00740740740741,0.0,0.0,3,False,AVL,20,11
441,442,Odion,Ighalo,Watford,18,Forward,60,100.0,100.0,2472,2.0,82.0,22.0,56,263.0,2.0,2.0,2.0,2.0,0.0,0.311787072243,0.0836501901141,0.00760456273764,0.00760456273764,0.00760456273764,0.0,0.0,3,False,AVL,20,12
442,443,Matej,Vydra,Watford,18,Forward,48,,,0,0.0,0.0,0.0,48,0.0,0.0,0.0,0.0,0.0,0.0,0.0,0.0,0.0,0.0,0.0,0.0,0.0,3,False,AVL,20,0
443,444,Fernando,Forestieri,Watford,18,Forward,44,0.0,0.0,0,0.0,0.0,0.0,44,0.0,0.0,0.0,0.0,0.0,0.0,0.0,0.0,0.0,0.0,0.0,0.0,0.0,3,False,AVL,20,0
444,445,Boaz,Myhill,West Brom,19,Goalkeeper,44,,,1980,0.0,53.0,10.0,48,270.0,0.0,0.0,1.0,5.0,6.0,0.196296296296,0.037037037037,0.0,0.0,0.0037037037037,0.0,0.0222222222222,3,False,WHU,8,3
445,446,Ben,Foster,West Brom,19,Goalkeeper,49,100.0,100.0,540,2.8,0.0,0.0,49,0.0,0.0,0.0,0.0,0.0,0.0,0.0,0.0,0.0,0.0,0.0,0.0,0.0,3,False,WHU,8,0
446,447,Jonas,Olsson,West Brom,19,Defender,43,100.0,100.0,1504,3.0,0.0,0.0,44,0.0,0.0,0.0,0.0,0.0,0.0,0.0,0.0,0.0,0.0,0.0,0.0,0.0,3,False,WHU,8,1
447,448,Craig,Dawson,West Brom,19,Defender,51,100.0,100.0,2520,3.0,52.0,7.0,51,270.0,0.0,0.0,1.0,5.0,0.0,0.192592592593,0.0259259259259,0.0,0.0,0.0037037037037,0.0,0.0,3,False,WHU,8,2
448,449,Joleon,Lescott,Aston Villa,2,Defender,46,100.0,100.0,2025,3.2,27.0,2.0,48,180.0,0.0,0.0,0.0,5.0,0.0,0.15,0.0111111111111,0.0,0.0,0.0,0.0,0.0,1,True,WAT,11,0
449,450,Sébastien,Pocognoli,West Brom,19,Defender,41,,,0,0.0,0.0,0.0,42,0.0,0.0,0.0,0.0,0.0,0.0,0.0,0.0,0.0,0.0,0.0,0.0,0.0,3,False,WHU,8,0
450,451,Cristian,Gamboa,West Brom,19,Defender,38,,,28,0.0,0.0,0.0,39,0.0,0.0,0.0,0.0,0.0,0.0,0.0,0.0,0.0,0.0,0.0,0.0,0.0,3,False,WHU,8,0
451,452,Gareth,McAuley,West Brom,19,Defender,49,100.0,100.0,2160,0.6,57.0,8.0,50,270.0,0.0,0.0,1.0,5.0,0.0,0.211111111111,0.0296296296296,0.0,0.0,0.0037037037037,0.0,0.0,3,False,WHU,8,2
452,453,Darren,Fletcher,West Brom,19,Midfielder,43,100.0,100.0,2475,2.2,38.0,7.0,44,270.0,0.0,0.0,1.0,5.0,0.0,0.140740740741,0.0259259259259,0.0,0.0,0.0037037037037,0.0,0.0,3,False,WHU,8,2
453,454,Stéphane,Sessegnon,West Brom,19,Midfielder,51,100.0,100.0,1239,1.8,50.0,10.0,51,270.0,0.0,1.0,1.0,5.0,0.0,0.185185185185,0.037037037037,0.0,0.0037037037037,0.0037037037037,0.0,0.0,3,False,WHU,8,1
454,455,Craig,Gardner,West Brom,19,Midfielder,51,,,1365,4.2,3.0,1.0,52,3.0,0.0,0.0,0.0,0.0,0.0,1.0,0.333333333333,0.0,0.0,0.0,0.0,0.0,3,False,WHU,8,0
455,456,James,Morrison,West Brom,19,Midfielder,45,0.0,0.0,1338,0.0,16.0,3.0,48,86.0,0.0,0.0,0.0,2.0,0.0,0.186046511628,0.0348837209302,0.0,0.0,0.0,0.0,0.0,3,False,WHU,8,2
456,457,Chris,Brunt,West Brom,19,Midfielder,51,0.0,0.0,1800,0.2,26.0,5.0,52,255.0,0.0,0.0,1.0,4.0,0.0,0.101960784314,0.0196078431373,0.0,0.0,0.00392156862745,0.0,0.0,3,False,WHU,8,0
457,458,Claudio,Yacob,West Brom,19,Midfielder,44,100.0,100.0,2081,1.6,39.0,7.0,44,255.0,0.0,0.0,1.0,4.0,0.0,0.152941176471,0.0274509803922,0.0,0.0,0.00392156862745,0.0,0.0,3,False,WHU,8,1
458,459,Callum,McManaman,West Brom,19,Midfielder,43,0.0,0.0,258,0.0,14.0,5.0,46,15.0,0.0,1.0,0.0,1.0,0.0,0.933333333333,0.333333333333,0.0,0.0666666666667,0.0,0.0,0.0,3,False,WHU,8,0
459,460,James,McClean,West Brom,19,Midfielder,47,100.0,100.0,1771,0.8,37.0,9.0,47,270.0,0.0,1.0,1.0,5.0,0.0,0.137037037037,0.0333333333333,0.0,0.0037037037037,0.0037037037037,0.0,0.0,3,False,WHU,8,2
460,461,Victor,Anichebe,West Brom,19,Forward,45,100.0,100.0,336,0.8,0.0,0.0,46,0.0,0.0,0.0,0.0,0.0,0.0,0.0,0.0,0.0,0.0,0.0,0.0,0.0,3,False,WHU,8,0
461,462,Saido,Berahino,West Brom,19,Forward,58,100.0,100.0,1176,2.4,5.0,5.0,61,181.0,0.0,0.0,1.0,3.0,0.0,0.0276243093923,0.0276243093923,0.0,0.0,0.00552486187845,0.0,0.0,3,False,WHU,8,0
462,463,Brown,Ideye,West Brom,19,Forward,53,0.0,0.0,0,0.0,0.0,0.0,53,0.0,0.0,0.0,0.0,0.0,0.0,0.0,0.0,0.0,0.0,0.0,0.0,0.0,3,False,WHU,8,0
463,464,Georgios,Samaras,West Brom,19,Forward,44,,,0,0.0,0.0,0.0,44,0.0,0.0,0.0,0.0,0.0,0.0,0.0,0.0,0.0,0.0,0.0,0.0,0.0,3,False,WHU,8,0
464,465,Adrián,San Miguel del Castillo,West Ham,20,Goalkeeper,50,100.0,100.0,2340,5.8,45.0,7.0,50,270.0,0.0,0.0,0.0,4.0,8.0,0.166666666667,0.0259259259259,0.0,0.0,0.0,0.0,0.0296296296296,1,True,WBA,13,3
465,466,Darren,Randolph,West Ham,20,Goalkeeper,44,100.0,100.0,270,0.0,0.0,0.0,45,0.0,0.0,0.0,0.0,0.0,0.0,0.0,0.0,0.0,0.0,0.0,0.0,0.0,1,True,WBA,13,0
466,467,James,Collins,West Ham,20,Defender,43,0.0,0.0,1439,2.8,23.0,0.0,43,173.0,0.0,0.0,0.0,3.0,0.0,0.132947976879,0.0,0.0,0.0,0.0,0.0,0.0,1,True,WBA,13,0
467,468,Joey,O'Brien,West Ham,20,Defender,44,0.0,0.0,0,0.0,0.0,0.0,44,0.0,0.0,0.0,0.0,0.0,0.0,0.0,0.0,0.0,0.0,0.0,0.0,0.0,1,True,WBA,13,0
468,469,Winston,Reid,West Ham,20,Defender,48,0.0,0.0,1325,0.4,16.0,2.0,50,90.0,0.0,0.0,0.0,1.0,0.0,0.177777777778,0.0222222222222,0.0,0.0,0.0,0.0,0.0,1,True,WBA,13,0
469,470,James,Tomkins,West Ham,20,Defender,49,0.0,0.0,1825,0.4,55.0,6.0,50,270.0,0.0,0.0,0.0,4.0,0.0,0.203703703704,0.0222222222222,0.0,0.0,0.0,0.0,0.0,1,True,WBA,13,0
470,471,Aaron,Cresswell,West Ham,20,Defender,57,100.0,100.0,2504,3.2,53.0,8.0,56,270.0,0.0,1.0,0.0,4.0,0.0,0.196296296296,0.0296296296296,0.0,0.0037037037037,0.0,0.0,0.0,1,True,WBA,13,2
471,472,Reece,Burke,West Ham,20,Defender,39,100.0,100.0,0,0.0,0.0,0.0,39,0.0,0.0,0.0,0.0,0.0,0.0,0.0,0.0,0.0,0.0,0.0,0.0,0.0,1,True,WBA,13,0
472,473,Reece,Oxford,West Ham,20,Defender,37,100.0,100.0,208,0.4,0.0,0.0,38,0.0,0.0,0.0,0.0,0.0,0.0,0.0,0.0,0.0,0.0,0.0,0.0,0.0,1,True,WBA,13,0
473,474,Stewart,Downing,West Ham,20,Midfielder,60,,,0,0.0,0.0,0.0,60,0.0,0.0,0.0,0.0,0.0,0.0,0.0,0.0,0.0,0.0,0.0,0.0,0.0,1,True,WBA,13,0
474,475,Mark,Noble,West Ham,20,Midfielder,54,100.0,100.0,2425,4.4,43.0,6.0,55,255.0,0.0,0.0,0.0,4.0,0.0,0.16862745098,0.0235294117647,0.0,0.0,0.0,0.0,0.0,1,True,WBA,13,0
475,476,Kevin,Nolan,West Ham,20,Midfielder,54,0.0,0.0,57,0.0,0.0,0.0,54,0.0,0.0,0.0,0.0,0.0,0.0,0.0,0.0,0.0,0.0,0.0,0.0,0.0,1,True,WBA,13,0
476,477,Matthew,Jarvis,Norwich,12,Midfielder,46,100.0,100.0,624,0.4,20.0,3.0,48,135.0,0.0,0.0,0.0,1.0,0.0,0.148148148148,0.0222222222222,0.0,0.0,0.0,0.0,0.0,3,True,ARS,4,0
477,478,Cheikhou,Kouyaté,West Ham,20,Midfielder,52,100.0,100.0,2235,1.6,40.0,5.0,55,270.0,0.0,0.0,0.0,4.0,0.0,0.148148148148,0.0185185185185,0.0,0.0,0.0,0.0,0.0,1,True,WBA,13,2
478,479,Diego,Poyet,West Ham,20,Midfielder,45,0.0,0.0,0,0.0,0.0,0.0,45,0.0,0.0,0.0,0.0,0.0,0.0,0.0,0.0,0.0,0.0,0.0,0.0,0.0,1,True,WBA,13,0
479,480,Morgan,Amalfitano,West Ham,20,Midfielder,46,0.0,0.0,0,0.0,0.0,0.0,46,0.0,0.0,0.0,0.0,0.0,0.0,0.0,0.0,0.0,0.0,0.0,0.0,0.0,1,True,WBA,13,0
480,481,Pedro,Obiang,West Ham,20,Midfielder,48,100.0,100.0,1016,1.4,3.0,1.0,48,9.0,0.0,0.0,0.0,0.0,0.0,0.333333333333,0.111111111111,0.0,0.0,0.0,0.0,0.0,1,True,WBA,13,2
481,482,Dimitri,Payet,West Ham,20,Midfielder,83,100.0,100.0,1860,7.4,48.0,8.0,80,229.0,0.0,1.0,0.0,4.0,0.0,0.2096069869,0.0349344978166,0.0,0.00436681222707,0.0,0.0,0.0,1,True,WBA,13,0
482,483,Andy,Carroll,West Ham,20,Forward,63,100.0,100.0,821,1.0,37.0,10.0,64,198.0,1.0,0.0,0.0,3.0,0.0,0.186868686869,0.0505050505051,0.00505050505051,0.0,0.0,0.0,0.0,1,True,WBA,13,1
483,484,Enner,Valencia,West Ham,20,Forward,55,0.0,0.0,862,0.6,4.0,2.0,58,64.0,0.0,0.0,0.0,1.0,0.0,0.0625,0.03125,0.0,0.0,0.0,0.0,0.0,1,True,WBA,13,0
484,485,Diafra,Sakho,West Ham,20,Forward,62,100.0,100.0,1075,2.0,4.0,2.0,64,90.0,0.0,0.0,0.0,1.0,0.0,0.0444444444444,0.0222222222222,0.0,0.0,0.0,0.0,0.0,1,True,WBA,13,5
485,486,Modibo,Maiga,West Ham,20,Forward,45,0.0,0.0,27,0.0,0.0,0.0,45,0.0,0.0,0.0,0.0,0.0,0.0,0.0,0.0,0.0,0.0,0.0,0.0,0.0,1,True,WBA,13,0
486,487,Mauro,Zárate,West Ham,20,Forward,53,100.0,100.0,788,0.0,37.0,10.0,53,135.0,1.0,0.0,0.0,2.0,0.0,0.274074074074,0.0740740740741,0.00740740740741,0.0,0.0,0.0,0.0,1,True,WBA,13,9
487,488,Mark,Bunn,Aston Villa,2,Goalkeeper,43,,,630,1.8,0.0,0.0,44,0.0,0.0,0.0,0.0,0.0,0.0,0.0,0.0,0.0,0.0,0.0,0.0,0.0,1,True,WAT,11,0
488,489,Cuco,Martina,Southampton,13,Defender,41,,,455,0.4,0.0,0.0,41,0.0,0.0,0.0,0.0,0.0,0.0,0.0,0.0,0.0,0.0,0.0,0.0,0.0,3,False,MCI,1,0
489,490,Adam,Matthews,Sunderland,16,Defender,42,100.0,100.0,37,0.0,0.0,0.0,42,0.0,0.0,0.0,0.0,0.0,0.0,0.0,0.0,0.0,0.0,0.0,0.0,0.0,3,True,STK,12,0
490,491,Yohan,Cabaye,Crystal Palace,5,Midfielder,64,100.0,100.0,2121,2.0,36.0,6.0,67,255.0,0.0,0.0,1.0,2.0,0.0,0.141176470588,0.0235294117647,0.0,0.0,0.00392156862745,0.0,0.0,3,True,NEW,19,2
491,492,José,Holebas,Watford,18,Defender,40,100.0,100.0,765,0.8,0.0,0.0,42,0.0,0.0,0.0,0.0,0.0,0.0,0.0,0.0,0.0,0.0,0.0,0.0,0.0,3,False,AVL,20,0
492,493,Idrissa,Gueye,Aston Villa,2,Midfielder,46,100.0,100.0,2273,2.2,33.0,5.0,47,180.0,0.0,0.0,1.0,2.0,0.0,0.183333333333,0.0277777777778,0.0,0.0,0.00555555555556,0.0,0.0,1,True,WAT,11,2
493,494,Jon,Flanagan,Liverpool,8,Defender,44,100.0,100.0,151,2.0,0.0,0.0,44,0.0,0.0,0.0,0.0,0.0,0.0,0.0,0.0,0.0,0.0,0.0,0.0,0.0,3,True,SWA,15,0
494,495,Matteo,Darmian,Man Utd,10,Defender,54,100.0,100.0,1541,0.8,22.0,6.0,56,75.0,0.0,0.0,1.0,0.0,0.0,0.293333333333,0.08,0.0,0.0,0.0133333333333,0.0,0.0,3,False,LEI,2,2
495,496,Bastian,Schweinsteiger,Man Utd,10,Midfielder,66,0.0,0.0,1181,0.0,48.0,9.0,66,232.0,0.0,0.0,3.0,0.0,0.0,0.206896551724,0.0387931034483,0.0,0.0,0.0129310344828,0.0,0.0,3,False,LEI,2,9
496,497,Georginio,Wijnaldum,Newcastle,11,Midfielder,68,,,2432,2.0,52.0,11.0,71,270.0,0.0,1.0,2.0,3.0,0.0,0.192592592593,0.0407407407407,0.0,0.0037037037037,0.00740740740741,0.0,0.0,3,False,CRY,6,2
497,498,Gastón,Ramírez,Southampton,13,Midfielder,52,0.0,0.0,31,0.0,20.0,4.0,53,11.0,0.0,1.0,0.0,0.0,0.0,1.81818181818,0.363636363636,0.0,0.0909090909091,0.0,0.0,0.0,3,False,MCI,1,0
498,499,Glen,Johnson,Stoke,15,Defender,50,0.0,0.0,2184,0.4,58.0,12.0,50,270.0,0.0,0.0,2.0,2.0,0.0,0.214814814815,0.0444444444444,0.0,0.0,0.00740740740741,0.0,0.0,3,False,SUN,17,1
499,500,Marco,Van Ginkel,Stoke,15,Midfielder,50,0.0,0.0,755,0.0,3.0,1.0,51,2.0,0.0,0.0,0.0,0.0,0.0,1.5,0.5,0.0,0.0,0.0,0.0,0.0,3,False,SUN,17,0
500,501,Valon,Behrami,Watford,18,Midfielder,42,100.0,100.0,1088,1.8,5.0,2.0,44,28.0,0.0,0.0,0.0,0.0,0.0,0.178571428571,0.0714285714286,0.0,0.0,0.0,0.0,0.0,3,False,AVL,20,0
501,502,Angelo,Ogbonna,West Ham,20,Defender,49,100.0,100.0,1516,3.4,3.0,1.0,49,1.0,0.0,0.0,0.0,0.0,0.0,3.0,1.0,0.0,0.0,0.0,0.0,0.0,1,True,WBA,13,2
502,503,Mark,Schwarzer,Leicester,7,Goalkeeper,38,100.0,100.0,0,0.0,0.0,0.0,39,0.0,0.0,0.0,0.0,0.0,0.0,0.0,0.0,0.0,0.0,0.0,0.0,0.0,3,True,MUN,3,0
503,504,Anders,Lindegaard,West Brom,19,Goalkeeper,43,100.0,100.0,0,0.0,0.0,0.0,45,0.0,0.0,0.0,0.0,0.0,0.0,0.0,0.0,0.0,0.0,0.0,0.0,0.0,3,False,WHU,8,0
504,505,Karl,Darlow,Newcastle,11,Goalkeeper,39,100.0,100.0,90,0.0,0.0,0.0,40,0.0,0.0,0.0,0.0,0.0,0.0,0.0,0.0,0.0,0.0,0.0,0.0,0.0,3,False,CRY,6,0
505,506,Jamaal,Lascelles,Newcastle,11,Defender,42,100.0,100.0,480,1.0,5.0,1.0,43,53.0,0.0,0.0,0.0,3.0,0.0,0.0943396226415,0.0188679245283,0.0,0.0,0.0,0.0,0.0,3,False,CRY,6,0
506,507,Tony,Andreu,Norwich,12,Midfielder,42,100.0,100.0,0,0.0,0.0,0.0,43,0.0,0.0,0.0,0.0,0.0,0.0,0.0,0.0,0.0,0.0,0.0,0.0,0.0,3,True,ARS,4,0
507,508,Jordy,Clasie,Southampton,13,Midfielder,52,100.0,100.0,1028,1.6,44.0,9.0,53,222.0,0.0,0.0,3.0,0.0,0.0,0.198198198198,0.0405405405405,0.0,0.0,0.0135135135135,0.0,0.0,3,False,MCI,1,0
508,509,Mohamed,El Ouriachi,Stoke,15,Midfielder,42,,,0,0.0,0.0,0.0,43,0.0,0.0,0.0,0.0,0.0,0.0,0.0,0.0,0.0,0.0,0.0,0.0,0.0,3,False,SUN,17,0
509,510,Jeremain,Lens,Sunderland,16,Midfielder,60,0.0,0.0,1189,0.0,1.0,3.0,63,81.0,0.0,0.0,1.0,0.0,0.0,0.0123456790123,0.037037037037,0.0,0.0,0.0123456790123,0.0,0.0,3,True,STK,12,1
510,511,Allan-Roméo,Nyom,Watford,18,Defender,46,100.0,100.0,2154,1.6,63.0,14.0,46,255.0,0.0,0.0,2.0,2.0,0.0,0.247058823529,0.0549019607843,0.0,0.0,0.0078431372549,0.0,0.0,3,False,AVL,20,1
511,512,Elliot,Lee,West Ham,20,Forward,43,0.0,0.0,0,0.0,0.0,0.0,43,0.0,0.0,0.0,0.0,0.0,0.0,0.0,0.0,0.0,0.0,0.0,0.0,0.0,1,True,WBA,13,0
512,513,Jordan,Amavi,Aston Villa,2,Defender,48,0.0,0.0,837,0.0,26.0,7.0,50,90.0,0.0,0.0,1.0,0.0,0.0,0.288888888889,0.0777777777778,0.0,0.0,0.0111111111111,0.0,0.0,1,True,WAT,11,0
513,514,Patrick,Bamford,Norwich,12,Forward,53,100.0,100.0,187,0.6,2.0,1.0,54,34.0,0.0,0.0,0.0,1.0,0.0,0.0588235294118,0.0294117647059,0.0,0.0,0.0,0.0,0.0,3,True,NEW,19,1
514,515,Joseph,Gomez,Liverpool,8,Defender,42,0.0,0.0,437,0.0,0.0,0.0,44,0.0,0.0,0.0,0.0,0.0,0.0,0.0,0.0,0.0,0.0,0.0,0.0,0.0,3,True,SWA,15,0
515,516,Patrick,Roberts,Man City,9,Midfielder,42,0.0,0.0,5,0.0,0.0,0.0,42,0.0,0.0,0.0,0.0,0.0,0.0,0.0,0.0,0.0,0.0,0.0,0.0,0.0,1,True,SOU,9,0
516,517,Aleksandar,Mitrovic,Newcastle,11,Forward,62,100.0,100.0,1631,3.0,8.0,5.0,62,242.0,0.0,0.0,2.0,3.0,0.0,0.0330578512397,0.0206611570248,0.0,0.0,0.00826446280992,0.0,0.0,3,False,CRY,6,0
517,518,Alex,McCarthy,Crystal Palace,5,Goalkeeper,38,,,601,1.2,0.0,0.0,41,0.0,0.0,0.0,0.0,0.0,0.0,0.0,0.0,0.0,0.0,0.0,0.0,0.0,3,True,NEW,19,0
518,519,Miguel,Britos,Watford,18,Defender,45,75.0,100.0,1443,1.6,49.0,13.0,45,270.0,0.0,0.0,2.0,2.0,0.0,0.181481481481,0.0481481481481,0.0,0.0,0.00740740740741,0.0,0.0,3,False,AVL,20,1
519,520,José Manuel,Jurado Marín,Watford,18,Midfielder,53,25.0,25.0,1493,0.4,0.0,0.0,53,0.0,0.0,0.0,0.0,0.0,0.0,0.0,0.0,0.0,0.0,0.0,0.0,0.0,3,False,AVL,20,0
520,521,Manuel,Lanzini,West Ham,20,Midfielder,49,100.0,100.0,1189,1.6,48.0,13.0,53,216.0,1.0,0.0,0.0,3.0,0.0,0.222222222222,0.0601851851852,0.00462962962963,0.0,0.0,0.0,0.0,1,True,WBA,13,3
521,522,José Ángel,Crespo,Aston Villa,2,Defender,44,0.0,0.0,90,0.0,0.0,0.0,44,0.0,0.0,0.0,0.0,0.0,0.0,0.0,0.0,0.0,0.0,0.0,0.0,0.0,1,True,WAT,11,0
522,523,Jordan,Ayew,Aston Villa,2,Forward,54,100.0,100.0,1583,0.8,58.0,15.0,55,226.0,2.0,0.0,1.0,4.0,0.0,0.256637168142,0.0663716814159,0.00884955752212,0.0,0.00442477876106,0.0,0.0,1,True,WAT,11,6
523,524,Sergio,Romero,Man Utd,10,Goalkeeper,43,,,360,0.0,0.0,0.0,45,0.0,0.0,0.0,0.0,0.0,0.0,0.0,0.0,0.0,0.0,0.0,0.0,0.0,3,False,LEI,2,0
524,525,Ibrahim,Afellay,Stoke,15,Midfielder,51,100.0,100.0,1649,4.0,10.0,2.0,52,43.0,0.0,0.0,0.0,0.0,0.0,0.232558139535,0.046511627907,0.0,0.0,0.0,0.0,0.0,3,False,SUN,17,1
525,526,Steven,Berghuis,Watford,18,Midfielder,55,100.0,100.0,91,0.0,0.0,0.0,55,0.0,0.0,0.0,0.0,0.0,0.0,0.0,0.0,0.0,0.0,0.0,0.0,0.0,3,False,AVL,20,0
526,527,Robbie,Brady,Norwich,12,Midfielder,54,75.0,100.0,2444,3.0,55.0,10.0,54,270.0,0.0,1.0,1.0,3.0,0.0,0.203703703704,0.037037037037,0.0,0.0037037037037,0.0037037037037,0.0,0.0,3,True,ARS,4,7
527,528,Steven,Caulker,Liverpool,8,Defender,52,100.0,100.0,151,0.0,4.0,1.0,53,1.0,0.0,0.0,0.0,0.0,0.0,4.0,1.0,0.0,0.0,0.0,0.0,0.0,3,False,MCI,1,1
528,529,James,Chester,West Brom,19,Defender,45,100.0,100.0,537,1.4,0.0,0.0,47,0.0,0.0,0.0,0.0,0.0,0.0,0.0,0.0,0.0,0.0,0.0,0.0,0.0,3,False,WHU,8,0
529,530,Jordan,Veretout,Aston Villa,2,Midfielder,56,,,1699,2.8,13.0,3.0,56,90.0,0.0,0.0,1.0,0.0,0.0,0.144444444444,0.0333333333333,0.0,0.0,0.0111111111111,0.0,0.0,1,True,WAT,11,5
530,531,Rudy,Gestede,Aston Villa,2,Forward,55,100.0,100.0,1223,2.0,10.0,4.0,58,142.0,0.0,0.0,0.0,3.0,0.0,0.0704225352113,0.0281690140845,0.0,0.0,0.0,0.0,0.0,1,True,WAT,11,1
531,532,Chancel,Mbemba,Newcastle,11,Defender,49,0.0,0.0,2113,0.0,65.0,14.0,50,270.0,0.0,0.0,2.0,3.0,0.0,0.240740740741,0.0518518518519,0.0,0.0,0.00740740740741,0.0,0.0,3,False,CRY,6,-1
532,533,Yohan,Benalouane,Leicester,7,Defender,42,0.0,0.0,68,0.0,0.0,0.0,43,0.0,0.0,0.0,0.0,0.0,0.0,0.0,0.0,0.0,0.0,0.0,0.0,0.0,3,True,MUN,3,0
533,534,Removed,Player,Leicester,7,Defender,50,,,0,0.0,0.0,0.0,50,0.0,0.0,0.0,0.0,0.0,0.0,0.0,0.0,0.0,0.0,0.0,0.0,0.0,3,True,MUN,3,0
534,535,Max,Gradel,Bournemouth,3,Midfielder,57,100.0,100.0,464,1.8,0.0,0.0,57,0.0,0.0,0.0,0.0,0.0,0.0,0.0,0.0,0.0,0.0,0.0,0.0,0.0,3,True,EVE,7,0
535,536,Lee,Tomlin,Bournemouth,3,Forward,47,0.0,0.0,290,0.0,7.0,2.0,48,36.0,0.0,0.0,0.0,0.0,0.0,0.194444444444,0.0555555555556,0.0,0.0,0.0,0.0,0.0,3,True,EVE,7,0
536,537,Bakary,Sako,Crystal Palace,5,Midfielder,50,100.0,100.0,681,0.2,14.0,4.0,53,154.0,0.0,0.0,0.0,2.0,0.0,0.0909090909091,0.025974025974,0.0,0.0,0.0,0.0,0.0,3,True,NEW,19,0
537,538,N'Golo,Kanté,Leicester,7,Midfielder,50,100.0,75.0,2212,2.4,56.0,14.0,50,270.0,1.0,0.0,1.0,3.0,0.0,0.207407407407,0.0518518518519,0.0037037037037,0.0,0.0037037037037,0.0,0.0,3,True,MUN,3,2
538,539,Jeff,Reine-Adelaide,Arsenal,1,Midfielder,48,,,0,0.0,0.0,0.0,48,0.0,0.0,0.0,0.0,0.0,0.0,0.0,0.0,0.0,0.0,0.0,0.0,0.0,1,False,NOR,16,0
539,540,Baily,Cargill,Bournemouth,3,Defender,39,,,0,0.0,0.0,0.0,39,0.0,0.0,0.0,0.0,0.0,0.0,0.0,0.0,0.0,0.0,0.0,0.0,0.0,1,True,EVE,7,0
540,541,Tom,Lawrence,Leicester,7,Forward,44,0.0,0.0,0,0.0,0.0,0.0,44,0.0,0.0,0.0,0.0,0.0,0.0,0.0,0.0,0.0,0.0,0.0,0.0,0.0,3,True,MUN,3,0
541,542,Kelechi,Iheanacho,Man City,9,Forward,48,100.0,100.0,413,2.0,15.0,3.0,49,68.0,0.0,0.0,0.0,0.0,0.0,0.220588235294,0.0441176470588,0.0,0.0,0.0,0.0,0.0,1,True,SOU,9,0
542,543,Vadis,Odjidja-Ofoe,Norwich,12,Midfielder,49,100.0,100.0,255,0.0,0.0,0.0,49,0.0,0.0,0.0,0.0,0.0,0.0,0.0,0.0,0.0,0.0,0.0,0.0,0.0,3,True,ARS,4,1
543,544,Yann,M'Vila,Sunderland,16,Midfielder,48,100.0,100.0,2485,2.0,71.0,10.0,50,270.0,0.0,1.0,1.0,7.0,0.0,0.262962962963,0.037037037037,0.0,0.0037037037037,0.0037037037037,0.0,0.0,3,True,STK,12,3
544,545,Martin,Samuelsen,West Ham,20,Midfielder,44,0.0,0.0,0,0.0,0.0,0.0,44,0.0,0.0,0.0,0.0,0.0,0.0,0.0,0.0,0.0,0.0,0.0,0.0,0.0,1,True,WBA,13,0
545,546,Sam,Johnstone,Man Utd,10,Goalkeeper,43,0.0,0.0,0,0.0,0.0,0.0,44,0.0,0.0,0.0,0.0,0.0,0.0,0.0,0.0,0.0,0.0,0.0,0.0,0.0,3,False,LEI,2,0
546,547,Conor,McAleny,Everton,6,Forward,44,0.0,0.0,0,0.0,0.0,0.0,44,0.0,0.0,0.0,0.0,0.0,0.0,0.0,0.0,0.0,0.0,0.0,0.0,0.0,1,False,BOU,18,0
547,548,Rene,Gilmartin,Watford,18,Goalkeeper,40,0.0,0.0,0,0.0,0.0,0.0,40,0.0,0.0,0.0,0.0,0.0,0.0,0.0,0.0,0.0,0.0,0.0,0.0,0.0,3,False,AVL,20,0
548,549,Paulo,Gazzaniga,Southampton,13,Goalkeeper,45,,,180,0.0,0.0,0.0,45,0.0,0.0,0.0,0.0,0.0,0.0,0.0,0.0,0.0,0.0,0.0,0.0,0.0,3,False,MCI,1,0
